"inspection_id","region","year.y","risk_category","lat","long","popInfo"
852437,"ne",2017,"3",38.917587,-77.003584,"852437 <br> ne <br> 3 <br>"
607362,"nw",2015,"3",38.983858,-77.026655,"607362 <br> nw <br> 3 <br>"
821046,"ne",2015,"3",38.894604,-76.913744,"821046 <br> ne <br> 3 <br>"
833681,"nw",2016,"3",38.901259,-77.042561,"833681 <br> nw <br> 3 <br>"
9538,"nw",2010,"3",38.907238,-77.03195,"9538 <br> nw <br> 3 <br>"
118676,"nw",2012,"3",38.892625,-77.013559,"118676 <br> nw <br> 3 <br>"
606806,"nw",2014,"4",38.968465,-77.026144,"606806 <br> nw <br> 4 <br>"
180971,"ne",2013,"3",38.93463,-76.991092,"180971 <br> ne <br> 3 <br>"
821028,"ne",2015,"3",38.901526,-77.006186,"821028 <br> ne <br> 3 <br>"
833275,"ne",2016,"3",38.907069,-77.005081,"833275 <br> ne <br> 3 <br>"
405204,"ne",2014,"3",38.898984,-76.933814,"405204 <br> ne <br> 3 <br>"
183235,"nw",2013,"3",38.916989,-77.023955,"183235 <br> nw <br> 3 <br>"
199817,"ne",2013,"3",38.932754,-76.991086,"199817 <br> ne <br> 3 <br>"
825410,"nw",2016,"3",38.944051,-77.077426,"825410 <br> nw <br> 3 <br>"
811932,"nw",2015,"3",38.936297,-77.032656,"811932 <br> nw <br> 3 <br>"
203126,"nw",2014,"3",38.946212,-77.094872,"203126 <br> nw <br> 3 <br>"
835108,"nw",2017,"3",38.894837,-77.027112,"835108 <br> nw <br> 3 <br>"
118167,"nw",2011,"3",38.900704,-77.0449,"118167 <br> nw <br> 3 <br>"
122155,"se",2011,"3",38.888449,-76.937138,"122155 <br> se <br> 3 <br>"
611567,"nw",2015,"3",38.898455,-77.022933,"611567 <br> nw <br> 3 <br>"
116559,"sw",2012,"4",38.831398,-77.007677,"116559 <br> sw <br> 4 <br>"
104954,"nw",2013,"3",38.918651,-77.041606,"104954 <br> nw <br> 3 <br>"
183363,"nw",2013,"3",38.897522,-77.028164,"183363 <br> nw <br> 3 <br>"
112124,"nw",2012,"3",38.925626,-77.038108,"112124 <br> nw <br> 3 <br>"
832546,"nw",2016,"3",38.909644,-77.044236,"832546 <br> nw <br> 3 <br>"
836969,"sw",2017,"4",38.831398,-77.007677,"836969 <br> sw <br> 4 <br>"
824675,"nw",2016,"3",38.915782,-77.045197,"824675 <br> nw <br> 3 <br>"
813875,"nw",2015,"3",38.904414,-77.062865,"813875 <br> nw <br> 3 <br>"
11006,"sw",2011,"3",38.887594,-76.992644,"11006 <br> sw <br> 3 <br>"
118120,"nw",2011,"3",38.902532,-77.061134,"118120 <br> nw <br> 3 <br>"
183729,"nw",2013,"4",38.902596,-77.017965,"183729 <br> nw <br> 4 <br>"
831441,"nw",2016,"3",38.955439,-77.02784,"831441 <br> nw <br> 3 <br>"
142574,"se",2012,"3",38.833647,-77.008411,"142574 <br> se <br> 3 <br>"
98490,"nw",2012,"3",38.903742,-77.038508,"98490 <br> nw <br> 3 <br>"
104417,"nw",2011,"3",38.916534,-77.04158,"104417 <br> nw <br> 3 <br>"
158212,"nw",2012,"3",38.914876,-77.021842,"158212 <br> nw <br> 3 <br>"
204419,"nw",2014,"3",38.899888,-77.022012,"204419 <br> nw <br> 3 <br>"
606288,"nw",2014,"3",38.89734,-77.0199,"606288 <br> nw <br> 3 <br>"
199824,"nw",2013,"4",38.892759,-77.019899,"199824 <br> nw <br> 4 <br>"
179302,"nw",2013,"3",38.907316,-77.024032,"179302 <br> nw <br> 3 <br>"
204366,"nw",2014,"3",38.895655,-77.030828,"204366 <br> nw <br> 3 <br>"
825286,"nw",2016,"3",38.928804,-77.032612,"825286 <br> nw <br> 3 <br>"
820073,"ne",2015,"4",38.909115,-76.997907,"820073 <br> ne <br> 4 <br>"
9238,"nw",2010,"3",38.905646,-77.032412,"9238 <br> nw <br> 3 <br>"
153415,"nw",2013,"3",38.896183,-77.026058,"153415 <br> nw <br> 3 <br>"
830679,"nw",2016,"4",38.923341,-77.053613,"830679 <br> nw <br> 4 <br>"
183628,"nw",2013,"3",38.896122,-77.011432,"183628 <br> nw <br> 3 <br>"
205441,"se",2014,"3",38.883552,-76.995048,"205441 <br> se <br> 3 <br>"
833919,"ne",2016,"3",38.891262,-76.952123,"833919 <br> ne <br> 3 <br>"
201571,"nw",2014,"4",38.904807,-77.056668,"201571 <br> nw <br> 4 <br>"
200360,"sw",2013,"3",38.893311,-77.014647,"200360 <br> sw <br> 3 <br>"
136204,"nw",2011,"3",38.899054,-77.019905,"136204 <br> nw <br> 3 <br>"
811410,"nw",2015,"3",38.915575,-77.020873,"811410 <br> nw <br> 3 <br>"
810472,"nw",2015,"3",38.896064,-77.044266,"810472 <br> nw <br> 3 <br>"
825808,"nw",2016,"3",38.903742,-77.038508,"825808 <br> nw <br> 3 <br>"
200158,"nw",2013,"3",38.898387,-77.03044,"200158 <br> nw <br> 3 <br>"
821260,"nw",2015,"3",38.907246,-77.042064,"821260 <br> nw <br> 3 <br>"
108253,"nw",2012,"3",38.928804,-77.032612,"108253 <br> nw <br> 3 <br>"
610971,"se",2015,"3",38.885053,-76.997346,"610971 <br> se <br> 3 <br>"
104912,"nw",2013,"3",38.924129,-77.04034,"104912 <br> nw <br> 3 <br>"
812937,"nw",2015,"3",38.902599,-77.045229,"812937 <br> nw <br> 3 <br>"
811699,"se",2015,"3",38.880767,-76.99505,"811699 <br> se <br> 3 <br>"
844413,"se",2017,"3",38.86919,-76.959991,"844413 <br> se <br> 3 <br>"
830811,"ne",2016,"3",38.89385,-77.044086,"830811 <br> ne <br> 3 <br>"
606958,"ne",2015,"3",38.932553,-76.991073,"606958 <br> ne <br> 3 <br>"
824049,"ne",2016,"3",38.900278,-76.99949,"824049 <br> ne <br> 3 <br>"
56097,"nw",2010,"3",38.926762,-77.022896,"56097 <br> nw <br> 3 <br>"
833624,"ne",2016,"4",38.90564,-77.005884,"833624 <br> ne <br> 4 <br>"
180731,"ne",2013,"3",38.921997,-76.988669,"180731 <br> ne <br> 3 <br>"
833191,"nw",2016,"3",38.917055,-77.041728,"833191 <br> nw <br> 3 <br>"
825699,"nw",2016,"3",38.93446,-77.057923,"825699 <br> nw <br> 3 <br>"
833693,"nw",2016,"4",38.894444,-77.026001,"833693 <br> nw <br> 4 <br>"
180654,"sw",2013,"3",38.893311,-77.014647,"180654 <br> sw <br> 3 <br>"
821606,"nw",2016,"3",38.964147,-77.075197,"821606 <br> nw <br> 3 <br>"
8546,"nw",2010,"3",38.914898,-77.046264,"8546 <br> nw <br> 3 <br>"
890545,"nw",2017,"4",38.914898,-77.046264,"890545 <br> nw <br> 4 <br>"
820301,"nw",2015,"3",38.91782,-77.088702,"820301 <br> nw <br> 3 <br>"
404580,"nw",2014,"3",38.913795,-77.016095,"404580 <br> nw <br> 3 <br>"
833075,"nw",2016,"3",38.907042,-77.063219,"833075 <br> nw <br> 3 <br>"
201694,"nw",2014,"3",38.899278,-77.039526,"201694 <br> nw <br> 3 <br>"
68134,"nw",2011,"3",38.916942,-77.096124,"68134 <br> nw <br> 3 <br>"
153363,"se",2013,"3",38.885053,-76.997346,"153363 <br> se <br> 3 <br>"
821832,"nw",2016,"3",38.909639,-77.046635,"821832 <br> nw <br> 3 <br>"
837150,"ne",2017,"3",38.919413,-76.970839,"837150 <br> ne <br> 3 <br>"
824690,"ne",2016,"3",38.929539,-77.003721,"824690 <br> ne <br> 3 <br>"
835345,"nw",2017,"3",38.908465,-77.063975,"835345 <br> nw <br> 3 <br>"
180762,"ne",2013,"3",38.924284,-76.986417,"180762 <br> ne <br> 3 <br>"
21242,"nw",2011,"3",38.921341,-77.072228,"21242 <br> nw <br> 3 <br>"
205976,"sw",2014,"3",38.873908,-76.971333,"205976 <br> sw <br> 3 <br>"
205427,"nw",2014,"3",38.91499,-77.031876,"205427 <br> nw <br> 3 <br>"
179225,"nw",2013,"3",38.898502,-77.021989,"179225 <br> nw <br> 3 <br>"
825918,"nw",2016,"3",38.897349,-77.031962,"825918 <br> nw <br> 3 <br>"
168621,"nw",2012,"3",38.902704,-77.033711,"168621 <br> nw <br> 3 <br>"
153354,"nw",2013,"4",38.894796,-77.023972,"153354 <br> nw <br> 4 <br>"
94360,"nw",2013,"3",38.903162,-77.021993,"94360 <br> nw <br> 3 <br>"
819845,"nw",2015,"3",38.91999,-77.021923,"819845 <br> nw <br> 3 <br>"
811546,"ne",2015,"3",38.907273,-77.008932,"811546 <br> ne <br> 3 <br>"
96191,"se",2011,"3",38.889804,-76.991532,"96191 <br> se <br> 3 <br>"
837708,"ne",2017,"3",38.920091,-76.972964,"837708 <br> ne <br> 3 <br>"
813213,"sw",2015,"3",38.887581,-77.031986,"813213 <br> sw <br> 3 <br>"
200895,"nw",2013,"3",38.901411,-77.04369,"200895 <br> nw <br> 3 <br>"
108153,"nw",2011,"3",38.905293,-77.059352,"108153 <br> nw <br> 3 <br>"
606293,"ne",2014,"3",38.931215,-77.000982,"606293 <br> ne <br> 3 <br>"
404657,"nw",2014,"3",38.909644,-77.044236,"404657 <br> nw <br> 3 <br>"
831680,"nw",2016,"3",38.898313,-77.02962,"831680 <br> nw <br> 3 <br>"
200544,"se",2013,"3",38.877531,-76.99497,"200544 <br> se <br> 3 <br>"
136611,"nw",2012,"3",38.965241,-77.01624,"136611 <br> nw <br> 3 <br>"
821920,"nw",2016,"4",38.900486,-77.031884,"821920 <br> nw <br> 4 <br>"
94185,"nw",2011,"3",38.92359,-77.051459,"94185 <br> nw <br> 3 <br>"
813257,"sw",2015,"3",38.887318,-77.017553,"813257 <br> sw <br> 3 <br>"
611652,"nw",2015,"3",38.898502,-77.021989,"611652 <br> nw <br> 3 <br>"
607501,"nw",2015,"3",38.903916,-77.053862,"607501 <br> nw <br> 3 <br>"
405413,"nw",2014,"3",38.953034,-77.027509,"405413 <br> nw <br> 3 <br>"
833542,"ne",2016,"3",38.902096,-77.050531,"833542 <br> ne <br> 3 <br>"
202159,"sw",2014,"4",38.878312,-77.023106,"202159 <br> sw <br> 4 <br>"
838590,"sw",2017,"3",38.873858,-76.969887,"838590 <br> sw <br> 3 <br>"
142205,"nw",2012,"3",38.906499,-77.044816,"142205 <br> nw <br> 3 <br>"
821439,"nw",2016,"3",38.898314,-77.033644,"821439 <br> nw <br> 3 <br>"
812350,"nw",2015,"3",38.930935,-77.031061,"812350 <br> nw <br> 3 <br>"
832982,"nw",2016,"3",38.910313,-77.043512,"832982 <br> nw <br> 3 <br>"
835798,"ne",2017,"3",38.93056,-76.977953,"835798 <br> ne <br> 3 <br>"
834494,"se",2017,"4",38.885708,-76.998453,"834494 <br> se <br> 4 <br>"
204388,"nw",2014,"3",38.896792,-77.029551,"204388 <br> nw <br> 3 <br>"
203403,"nw",2014,"3",38.905728,-77.041853,"203403 <br> nw <br> 3 <br>"
607812,"nw",2015,"3",38.898391,-77.032462,"607812 <br> nw <br> 3 <br>"
94218,"nw",2012,"3",38.899445,-77.028008,"94218 <br> nw <br> 3 <br>"
823636,"nw",2016,"3",38.894444,-77.026001,"823636 <br> nw <br> 3 <br>"
814234,"ne",2015,"3",38.904758,-76.994897,"814234 <br> ne <br> 3 <br>"
102205,"nw",2011,"3",38.900822,-76.985664,"102205 <br> nw <br> 3 <br>"
183777,"nw",2013,"3",38.916925,-77.030514,"183777 <br> nw <br> 3 <br>"
825272,"nw",2016,"4",38.904807,-77.056668,"825272 <br> nw <br> 4 <br>"
811835,"nw",2015,"3",38.947346,-77.032801,"811835 <br> nw <br> 3 <br>"
836829,"nw",2017,"3",38.90899,-77.02696,"836829 <br> nw <br> 3 <br>"
8485,"nw",2010,"3",38.935566,-77.058509,"8485 <br> nw <br> 3 <br>"
833735,"nw",2016,"4",38.948447,-77.078824,"833735 <br> nw <br> 4 <br>"
204094,"nw",2014,"3",38.929106,-77.037565,"204094 <br> nw <br> 3 <br>"
201593,"nw",2014,"3",38.896372,-77.009132,"201593 <br> nw <br> 3 <br>"
183283,"ne",2013,"3",38.900275,-76.989841,"183283 <br> ne <br> 3 <br>"
7250,"nw",2010,"3",38.89992,-77.02199,"7250 <br> nw <br> 3 <br>"
168542,"sw",2012,"4",38.884191,-77.029151,"168542 <br> sw <br> 4 <br>"
142364,"ne",2012,"3",38.89732,-77.008425,"142364 <br> ne <br> 3 <br>"
835395,"nw",2017,"4",38.89504,-77.02199,"835395 <br> nw <br> 4 <br>"
825332,"nw",2016,"3",38.94869,-77.080033,"825332 <br> nw <br> 3 <br>"
839223,"se",2017,"3",38.879341,-76.982988,"839223 <br> se <br> 3 <br>"
607079,"ne",2015,"3",38.942159,-77.000919,"607079 <br> ne <br> 3 <br>"
119321,"nw",2014,"3",38.901411,-77.04369,"119321 <br> nw <br> 3 <br>"
826403,"se",2016,"3",38.90728,-77.000793,"826403 <br> se <br> 3 <br>"
606954,"nw",2015,"3",38.895447,-77.029632,"606954 <br> nw <br> 3 <br>"
183484,"nw",2013,"3",38.894044,-77.021551,"183484 <br> nw <br> 3 <br>"
404946,"nw",2014,"3",38.920319,-77.022034,"404946 <br> nw <br> 3 <br>"
201387,"nw",2014,"3",38.901271,-77.026541,"201387 <br> nw <br> 3 <br>"
837285,"nw",2017,"3",38.897419,-77.029818,"837285 <br> nw <br> 3 <br>"
203165,"ne",2014,"3",38.894779,-77.002461,"203165 <br> ne <br> 3 <br>"
153357,"nw",2013,"3",38.898314,-77.033644,"153357 <br> nw <br> 3 <br>"
183268,"nw",2013,"3",38.936381,-77.032806,"183268 <br> nw <br> 3 <br>"
832927,"nw",2016,"3",38.905088,-77.063317,"832927 <br> nw <br> 3 <br>"
843936,"nw",2017,"3",38.933567,-77.057421,"843936 <br> nw <br> 3 <br>"
812056,"nw",2015,"3",38.901337,-77.031962,"812056 <br> nw <br> 3 <br>"
606149,"nw",2014,"3",38.903818,-77.042036,"606149 <br> nw <br> 3 <br>"
830751,"ne",2016,"3",38.89701,-76.961181,"830751 <br> ne <br> 3 <br>"
812213,"se",2015,"3",38.887115,-77.002054,"812213 <br> se <br> 3 <br>"
199776,"nw",2013,"3",38.89726,-77.024088,"199776 <br> nw <br> 3 <br>"
839073,"nw",2017,"3",38.902622,-77.059107,"839073 <br> nw <br> 3 <br>"
610182,"ne",2015,"3",38.925935,-76.983025,"610182 <br> ne <br> 3 <br>"
203048,"nw",2014,"4",38.948447,-77.078824,"203048 <br> nw <br> 4 <br>"
836712,"ne",2017,"3",38.900275,-76.991363,"836712 <br> ne <br> 3 <br>"
831645,"nw",2016,"3",38.90021,-77.041699,"831645 <br> nw <br> 3 <br>"
202882,"nw",2014,"3",38.892082,-77.013638,"202882 <br> nw <br> 3 <br>"
136837,"sw",2013,"3",38.88433,-77.028117,"136837 <br> sw <br> 3 <br>"
610248,"nw",2015,"3",38.896133,-77.023964,"610248 <br> nw <br> 3 <br>"
198919,"nw",2013,"3",38.90134,-77.039447,"198919 <br> nw <br> 3 <br>"
9300,"nw",2010,"3",38.925626,-77.038108,"9300 <br> nw <br> 3 <br>"
155476,"nw",2012,"3",38.902671,-77.03203,"155476 <br> nw <br> 3 <br>"
834975,"nw",2017,"3",38.899809,-77.023964,"834975 <br> nw <br> 3 <br>"
198282,"nw",2013,"4",38.900298,-77.033567,"198282 <br> nw <br> 4 <br>"
116537,"nw",2012,"3",38.892759,-77.019899,"116537 <br> nw <br> 3 <br>"
122205,"nw",2011,"4",38.892564,-77.013559,"122205 <br> nw <br> 4 <br>"
890781,"se",2017,"3",38.885065,-77.005893,"890781 <br> se <br> 3 <br>"
811506,"nw",2015,"5",38.90526,-77.051407,"811506 <br> nw <br> 5 <br>"
834402,"ne",2017,"3",38.889875,-76.983502,"834402 <br> ne <br> 3 <br>"
142647,"nw",2012,"3",38.905727,-77.041921,"142647 <br> nw <br> 3 <br>"
835028,"ne",2017,"4",38.89732,-77.008425,"835028 <br> ne <br> 4 <br>"
199902,"nw",2013,"3",38.93341,-77.072594,"199902 <br> nw <br> 3 <br>"
835489,"nw",2017,"3",38.929343,-77.037639,"835489 <br> nw <br> 3 <br>"
824664,"nw",2016,"3",38.903125,-77.039701,"824664 <br> nw <br> 3 <br>"
834664,"nw",2017,"3",38.945494,-77.078324,"834664 <br> nw <br> 3 <br>"
837120,"nw",2017,"3",38.8936,-77.022961,"837120 <br> nw <br> 3 <br>"
8490,"ne",2010,"3",38.89732,-77.008425,"8490 <br> ne <br> 3 <br>"
169074,"nw",2013,"3",38.921059,-77.042072,"169074 <br> nw <br> 3 <br>"
819844,"nw",2015,"5",38.917805,-77.021821,"819844 <br> nw <br> 5 <br>"
9674,"nw",2010,"3",38.905654,-77.041686,"9674 <br> nw <br> 3 <br>"
836082,"nw",2017,"3",38.947198,-77.079178,"836082 <br> nw <br> 3 <br>"
834072,"nw",2016,"3",38.905728,-77.042315,"834072 <br> nw <br> 3 <br>"
824889,"nw",2016,"3",38.959041,-77.084846,"824889 <br> nw <br> 3 <br>"
831692,"nw",2016,"3",38.901261,-77.040893,"831692 <br> nw <br> 3 <br>"
204872,"nw",2014,"3",38.898232,-77.056348,"204872 <br> nw <br> 3 <br>"
108190,"nw",2012,"5",38.951982,-77.027366,"108190 <br> nw <br> 5 <br>"
606169,"nw",2014,"3",38.89824,-77.041106,"606169 <br> nw <br> 3 <br>"
810728,"nw",2015,"3",38.905582,-77.044641,"810728 <br> nw <br> 3 <br>"
205511,"se",2014,"3",38.875895,-76.99466,"205511 <br> se <br> 3 <br>"
814325,"nw",2015,"3",38.898245,-77.045474,"814325 <br> nw <br> 3 <br>"
21813,"se",2011,"3",38.833647,-77.008411,"21813 <br> se <br> 3 <br>"
98489,"nw",2012,"3",38.964953,-77.013648,"98489 <br> nw <br> 3 <br>"
813340,"nw",2015,"3",38.905582,-77.044641,"813340 <br> nw <br> 3 <br>"
205756,"se",2014,"3",38.833647,-77.008411,"205756 <br> se <br> 3 <br>"
405379,"nw",2014,"3",38.895353,-77.011062,"405379 <br> nw <br> 3 <br>"
833289,"nw",2016,"3",38.898588,-77.01983,"833289 <br> nw <br> 3 <br>"
118315,"nw",2011,"4",38.905654,-77.036534,"118315 <br> nw <br> 4 <br>"
814088,"nw",2015,"3",38.928733,-77.037351,"814088 <br> nw <br> 3 <br>"
822146,"nw",2016,"3",38.903663,-77.033106,"822146 <br> nw <br> 3 <br>"
607315,"ne",2015,"3",38.932764,-76.990936,"607315 <br> ne <br> 3 <br>"
203139,"nw",2013,"3",38.896134,-77.022955,"203139 <br> nw <br> 3 <br>"
835094,"nw",2017,"3",38.911125,-77.028082,"835094 <br> nw <br> 3 <br>"
22072,"nw",2012,"4",38.948447,-77.078824,"22072 <br> nw <br> 4 <br>"
180470,"nw",2013,"3",38.909645,-77.027036,"180470 <br> nw <br> 3 <br>"
843934,"ne",2017,"3",38.893257,-76.950542,"843934 <br> ne <br> 3 <br>"
811200,"nw",2015,"3",38.898916,-77.009065,"811200 <br> nw <br> 3 <br>"
10693,"nw",2011,"3",38.909717,-77.037118,"10693 <br> nw <br> 3 <br>"
611599,"nw",2015,"3",38.898986,-77.04007,"611599 <br> nw <br> 3 <br>"
60113,"ne",2011,"3",38.937352,-76.990657,"60113 <br> ne <br> 3 <br>"
177434,"nw",2013,"3",38.982883,-77.026484,"177434 <br> nw <br> 3 <br>"
837143,"ne",2017,"3",38.897554,-77.009065,"837143 <br> ne <br> 3 <br>"
831057,"se",2016,"3",38.874256,-76.972382,"831057 <br> se <br> 3 <br>"
831615,"nw",2016,"3",38.905326,-77.057159,"831615 <br> nw <br> 3 <br>"
814085,"se",2015,"3",38.873604,-76.990211,"814085 <br> se <br> 3 <br>"
179230,"nw",2013,"3",38.920596,-77.071632,"179230 <br> nw <br> 3 <br>"
824196,"nw",2016,"3",38.91505,-77.031876,"824196 <br> nw <br> 3 <br>"
820526,"ne",2015,"3",38.89732,-77.008425,"820526 <br> ne <br> 3 <br>"
180901,"nw",2013,"3",38.920906,-77.071807,"180901 <br> nw <br> 3 <br>"
830465,"sw",2016,"3",38.878403,-77.017566,"830465 <br> sw <br> 3 <br>"
118184,"nw",2011,"3",38.900126,-77.032357,"118184 <br> nw <br> 3 <br>"
843501,"nw",2017,"3",38.928805,-77.032612,"843501 <br> nw <br> 3 <br>"
118736,"nw",2012,"3",38.895447,-77.029632,"118736 <br> nw <br> 3 <br>"
831224,"se",2016,"3",38.887054,-77.001937,"831224 <br> se <br> 3 <br>"
118477,"nw",2011,"4",38.89832,-77.043469,"118477 <br> nw <br> 4 <br>"
831409,"nw",2016,"3",38.896802,-77.026959,"831409 <br> nw <br> 3 <br>"
143002,"nw",2012,"3",38.892759,-77.019899,"143002 <br> nw <br> 3 <br>"
813779,"nw",2015,"5",38.930977,-77.015459,"813779 <br> nw <br> 5 <br>"
202043,"nw",2014,"3",38.916925,-77.028816,"202043 <br> nw <br> 3 <br>"
812109,"nw",2015,"3",38.914837,-77.024042,"812109 <br> nw <br> 3 <br>"
835568,"nw",2017,"4",38.892089,-77.013178,"835568 <br> nw <br> 4 <br>"
122397,"se",2011,"3",38.866775,-76.985128,"122397 <br> se <br> 3 <br>"
119136,"nw",2013,"3",38.944783,-77.077928,"119136 <br> nw <br> 3 <br>"
825865,"nw",2016,"3",38.899763,-77.015239,"825865 <br> nw <br> 3 <br>"
843864,"nw",2017,"3",38.913693,-77.064179,"843864 <br> nw <br> 3 <br>"
200991,"nw",2014,"3",38.895103,-77.009059,"200991 <br> nw <br> 3 <br>"
10502,"nw",2010,"3",38.903667,-77.042121,"10502 <br> nw <br> 3 <br>"
118461,"nw",2011,"3",38.898633,-77.051356,"118461 <br> nw <br> 3 <br>"
830515,"nw",2016,"3",38.940339,-77.083832,"830515 <br> nw <br> 3 <br>"
897647,"nw",2017,"4",38.896056,-77.022349,"897647 <br> nw <br> 4 <br>"
136285,"nw",2011,"4",38.89644,-77.011443,"136285 <br> nw <br> 4 <br>"
606405,"nw",2014,"5",38.906162,-77.039203,"606405 <br> nw <br> 5 <br>"
813459,"nw",2015,"4",38.900276,-77.011701,"813459 <br> nw <br> 4 <br>"
820665,"nw",2015,"3",38.89734,-77.0199,"820665 <br> nw <br> 3 <br>"
198720,"ne",2013,"3",38.901182,-76.940947,"198720 <br> ne <br> 3 <br>"
204396,"nw",2014,"5",38.905217,-77.034496,"204396 <br> nw <br> 5 <br>"
201406,"nw",2014,"3",38.915568,-77.031956,"201406 <br> nw <br> 3 <br>"
838565,"ne",2017,"3",38.89732,-77.008425,"838565 <br> ne <br> 3 <br>"
177312,"nw",2013,"3",38.908155,-77.044947,"177312 <br> nw <br> 3 <br>"
812498,"nw",2015,"3",38.955439,-77.02784,"812498 <br> nw <br> 3 <br>"
607878,"nw",2015,"3",38.94713,-77.079149,"607878 <br> nw <br> 3 <br>"
821704,"nw",2016,"3",38.914837,-77.024042,"821704 <br> nw <br> 3 <br>"
104124,"nw",2011,"3",38.931339,-77.038299,"104124 <br> nw <br> 3 <br>"
822031,"ne",2016,"4",38.90564,-77.005884,"822031 <br> ne <br> 4 <br>"
836492,"ne",2017,"3",38.904758,-76.994897,"836492 <br> ne <br> 3 <br>"
814371,"nw",2015,"3",38.938829,-77.032654,"814371 <br> nw <br> 3 <br>"
834882,"nw",2017,"3",38.897522,-77.028164,"834882 <br> nw <br> 3 <br>"
199720,"nw",2013,"3",38.923597,-77.05166,"199720 <br> nw <br> 3 <br>"
823218,"nw",2016,"3",38.961091,-77.061253,"823218 <br> nw <br> 3 <br>"
156271,"se",2012,"5",38.883675,-76.994897,"156271 <br> se <br> 5 <br>"
897854,"ne",2017,"3",38.89732,-77.008425,"897854 <br> ne <br> 3 <br>"
183467,"nw",2013,"3",38.930451,-77.037909,"183467 <br> nw <br> 3 <br>"
838399,"nw",2017,"3",38.912605,-77.045157,"838399 <br> nw <br> 3 <br>"
198733,"nw",2013,"3",38.895475,-77.033868,"198733 <br> nw <br> 3 <br>"
814342,"nw",2015,"3",38.928805,-77.032612,"814342 <br> nw <br> 3 <br>"
831228,"se",2016,"3",38.886943,-77.001728,"831228 <br> se <br> 3 <br>"
7781,"nw",2010,"4",38.896418,-77.05019,"7781 <br> nw <br> 4 <br>"
156262,"nw",2012,"3",38.921866,-77.042357,"156262 <br> nw <br> 3 <br>"
205516,"nw",2014,"3",38.904148,-77.060144,"205516 <br> nw <br> 3 <br>"
203901,"nw",2014,"3",38.928733,-77.037351,"203901 <br> nw <br> 3 <br>"
201080,"nw",2014,"3",38.899111,-77.018928,"201080 <br> nw <br> 3 <br>"
810101,"ne",2015,"3",38.896414,-76.94783,"810101 <br> ne <br> 3 <br>"
831184,"nw",2016,"3",38.917071,-77.026023,"831184 <br> nw <br> 3 <br>"
205528,"nw",2014,"3",38.96161,-77.027908,"205528 <br> nw <br> 3 <br>"
155165,"nw",2012,"3",38.9207,-77.041972,"155165 <br> nw <br> 3 <br>"
820902,"se",2015,"3",38.867043,-76.987042,"820902 <br> se <br> 3 <br>"
836135,"nw",2017,"3",38.9159,-77.041732,"836135 <br> nw <br> 3 <br>"
811849,"ne",2015,"3",38.89732,-77.008425,"811849 <br> ne <br> 3 <br>"
405115,"nw",2014,"3",38.89824,-77.041106,"405115 <br> nw <br> 3 <br>"
810744,"nw",2015,"3",38.904414,-77.062865,"810744 <br> nw <br> 3 <br>"
136835,"ne",2013,"3",38.934594,-76.991088,"136835 <br> ne <br> 3 <br>"
405556,"se",2014,"3",38.888788,-76.937251,"405556 <br> se <br> 3 <br>"
822317,"nw",2016,"3",38.895447,-77.029632,"822317 <br> nw <br> 3 <br>"
812137,"nw",2015,"3",38.898232,-77.056348,"812137 <br> nw <br> 3 <br>"
404738,"nw",2014,"3",38.89992,-77.02199,"404738 <br> nw <br> 3 <br>"
203584,"nw",2014,"3",38.907672,-77.031874,"203584 <br> nw <br> 3 <br>"
811697,"ne",2015,"3",38.942159,-77.000919,"811697 <br> ne <br> 3 <br>"
8337,"nw",2010,"3",38.907672,-77.031874,"8337 <br> nw <br> 3 <br>"
825245,"nw",2016,"3",38.946888,-77.064991,"825245 <br> nw <br> 3 <br>"
98523,"ne",2012,"3",38.89732,-77.008425,"98523 <br> ne <br> 3 <br>"
204514,"sw",2014,"3",38.884191,-77.029151,"204514 <br> sw <br> 3 <br>"
611437,"nw",2015,"4",38.899736,-77.020069,"611437 <br> nw <br> 4 <br>"
831559,"nw",2016,"3",38.96615,-77.027526,"831559 <br> nw <br> 3 <br>"
180466,"se",2013,"3",38.899357,-76.994886,"180466 <br> se <br> 3 <br>"
199706,"nw",2013,"3",38.921865,-77.072577,"199706 <br> nw <br> 3 <br>"
836508,"nw",2017,"3",38.901345,-77.038522,"836508 <br> nw <br> 3 <br>"
834977,"nw",2017,"4",38.899996,-77.041976,"834977 <br> nw <br> 4 <br>"
142994,"ne",2012,"3",38.900123,-76.98694,"142994 <br> ne <br> 3 <br>"
835476,"ne",2017,"3",38.908088,-77.000501,"835476 <br> ne <br> 3 <br>"
201513,"sw",2013,"3",38.884415,-77.015258,"201513 <br> sw <br> 3 <br>"
891341,"sw",2017,"5",38.886886,-77.019911,"891341 <br> sw <br> 5 <br>"
142731,"se",2012,"3",38.885065,-77.005893,"142731 <br> se <br> 3 <br>"
820279,"nw",2015,"3",38.942293,-77.025622,"820279 <br> nw <br> 3 <br>"
9869,"nw",2010,"4",38.903125,-77.039701,"9869 <br> nw <br> 4 <br>"
8780,"ne",2010,"3",38.900125,-76.989473,"8780 <br> ne <br> 3 <br>"
811383,"nw",2015,"3",38.909725,-77.032452,"811383 <br> nw <br> 3 <br>"
844369,"nw",2017,"3",38.917072,-77.028203,"844369 <br> nw <br> 3 <br>"
21204,"nw",2011,"3",38.901271,-77.026541,"21204 <br> nw <br> 3 <br>"
156327,"nw",2013,"3",38.895019,-77.028095,"156327 <br> nw <br> 3 <br>"
198803,"ne",2013,"3",38.894224,-76.949947,"198803 <br> ne <br> 3 <br>"
812249,"ne",2015,"3",38.920091,-76.972964,"812249 <br> ne <br> 3 <br>"
843797,"se",2017,"3",38.883572,-76.995048,"843797 <br> se <br> 3 <br>"
205538,"se",2014,"3",38.833647,-77.008411,"205538 <br> se <br> 3 <br>"
179165,"nw",2013,"3",38.935907,-77.058746,"179165 <br> nw <br> 3 <br>"
606173,"nw",2014,"3",38.896183,-77.026058,"606173 <br> nw <br> 3 <br>"
183580,"sw",2013,"3",38.883241,-77.015188,"183580 <br> sw <br> 3 <br>"
891254,"ne",2017,"3",38.895854,-76.948632,"891254 <br> ne <br> 3 <br>"
822456,"nw",2016,"3",38.906899,-77.062985,"822456 <br> nw <br> 3 <br>"
813534,"nw",2015,"5",38.899819,-77.025993,"813534 <br> nw <br> 5 <br>"
122493,"nw",2011,"3",38.953536,-77.081943,"122493 <br> nw <br> 3 <br>"
606086,"nw",2014,"3",38.917043,-77.041301,"606086 <br> nw <br> 3 <br>"
813652,"nw",2015,"3",38.9159,-77.041732,"813652 <br> nw <br> 3 <br>"
811181,"nw",2015,"3",38.915497,-77.030688,"811181 <br> nw <br> 3 <br>"
104193,"nw",2011,"3",38.909675,-77.023894,"104193 <br> nw <br> 3 <br>"
201895,"nw",2014,"3",38.905121,-77.065473,"201895 <br> nw <br> 3 <br>"
204785,"nw",2014,"3",38.896056,-77.022349,"204785 <br> nw <br> 3 <br>"
832323,"se",2016,"3",38.881096,-76.987216,"832323 <br> se <br> 3 <br>"
820767,"nw",2015,"3",38.905308,-77.047479,"820767 <br> nw <br> 3 <br>"
824368,"se",2016,"3",38.877531,-76.99497,"824368 <br> se <br> 3 <br>"
821168,"nw",2015,"3",38.894411,-77.0199,"821168 <br> nw <br> 3 <br>"
405867,"nw",2014,"3",38.919293,-77.032026,"405867 <br> nw <br> 3 <br>"
179611,"nw",2013,"3",38.895447,-77.029632,"179611 <br> nw <br> 3 <br>"
142233,"nw",2012,"4",38.904927,-77.048736,"142233 <br> nw <br> 4 <br>"
825083,"ne",2016,"4",38.90244,-77.003058,"825083 <br> ne <br> 4 <br>"
810508,"ne",2015,"3",38.929462,-77.003808,"810508 <br> ne <br> 3 <br>"
199101,"nw",2013,"3",38.895458,-77.013732,"199101 <br> nw <br> 3 <br>"
142872,"sw",2012,"3",38.878403,-77.017566,"142872 <br> sw <br> 3 <br>"
122520,"nw",2011,"3",38.910948,-77.065293,"122520 <br> nw <br> 3 <br>"
820554,"sw",2015,"3",38.883962,-77.022098,"820554 <br> sw <br> 3 <br>"
832997,"nw",2016,"3",38.899319,-77.018854,"832997 <br> nw <br> 3 <br>"
820986,"se",2015,"3",38.887221,-76.996119,"820986 <br> se <br> 3 <br>"
201727,"nw",2014,"3",38.916509,-77.095681,"201727 <br> nw <br> 3 <br>"
405214,"nw",2014,"3",38.925206,-77.022593,"405214 <br> nw <br> 3 <br>"
118442,"nw",2011,"3",38.898864,-77.02199,"118442 <br> nw <br> 3 <br>"
823037,"sw",2016,"3",38.88604,-77.017555,"823037 <br> sw <br> 3 <br>"
199934,"se",2013,"3",38.88515,-76.997203,"199934 <br> se <br> 3 <br>"
835895,"nw",2017,"3",38.91308,-77.045302,"835895 <br> nw <br> 3 <br>"
180868,"nw",2013,"3",38.931232,-77.022144,"180868 <br> nw <br> 3 <br>"
607755,"nw",2015,"3",38.901318,-77.046652,"607755 <br> nw <br> 3 <br>"
820257,"nw",2015,"3",38.89613,-77.019905,"820257 <br> nw <br> 3 <br>"
168726,"nw",2012,"3",38.892759,-77.019899,"168726 <br> nw <br> 3 <br>"
404369,"nw",2014,"4",38.923839,-77.051602,"404369 <br> nw <br> 4 <br>"
825026,"nw",2016,"3",38.962771,-77.010555,"825026 <br> nw <br> 3 <br>"
126157,"nw",2011,"3",38.898315,-77.041702,"126157 <br> nw <br> 3 <br>"
203817,"nw",2014,"3",38.89613,-77.019905,"203817 <br> nw <br> 3 <br>"
192121,"nw",2013,"3",38.903854,-77.062856,"192121 <br> nw <br> 3 <br>"
844230,"nw",2017,"3",38.903916,-77.053862,"844230 <br> nw <br> 3 <br>"
153090,"nw",2012,"3",38.904656,-77.043529,"153090 <br> nw <br> 3 <br>"
611748,"nw",2015,"3",38.902089,-77.023989,"611748 <br> nw <br> 3 <br>"
830527,"nw",2016,"4",38.895447,-77.029632,"830527 <br> nw <br> 4 <br>"
201285,"nw",2014,"4",38.895655,-77.030828,"201285 <br> nw <br> 4 <br>"
813242,"nw",2015,"3",38.894047,-77.021541,"813242 <br> nw <br> 3 <br>"
837719,"nw",2017,"5",38.933672,-77.057469,"837719 <br> nw <br> 5 <br>"
833040,"nw",2016,"5",38.899819,-77.025993,"833040 <br> nw <br> 5 <br>"
119322,"nw",2014,"3",38.901259,-77.039892,"119322 <br> nw <br> 3 <br>"
203156,"nw",2014,"4",38.899884,-77.018962,"203156 <br> nw <br> 4 <br>"
104216,"nw",2011,"4",38.911128,-77.031951,"104216 <br> nw <br> 4 <br>"
180075,"se",2013,"3",38.88262,-76.9949,"180075 <br> se <br> 3 <br>"
98559,"nw",2012,"3",38.905308,-77.047479,"98559 <br> nw <br> 3 <br>"
821390,"ne",2016,"3",38.894224,-76.949947,"821390 <br> ne <br> 3 <br>"
610804,"nw",2015,"3",38.894802,-77.018934,"610804 <br> nw <br> 3 <br>"
136244,"ne",2011,"3",38.900128,-76.994579,"136244 <br> ne <br> 3 <br>"
180613,"nw",2013,"3",38.916924,-77.030144,"180613 <br> nw <br> 3 <br>"
835987,"nw",2017,"3",38.906456,-77.043448,"835987 <br> nw <br> 3 <br>"
168935,"nw",2012,"3",38.910404,-77.031878,"168935 <br> nw <br> 3 <br>"
202533,"nw",2014,"3",38.915497,-77.030688,"202533 <br> nw <br> 3 <br>"
151096,"nw",2011,"3",38.93642,-77.024311,"151096 <br> nw <br> 3 <br>"
9009,"nw",2010,"3",38.895447,-77.029632,"9009 <br> nw <br> 3 <br>"
155933,"ne",2012,"3",38.945404,-76.978649,"155933 <br> ne <br> 3 <br>"
118936,"se",2012,"3",38.877523,-76.994895,"118936 <br> se <br> 3 <br>"
198727,"nw",2013,"3",38.914838,-77.024042,"198727 <br> nw <br> 3 <br>"
836624,"nw",2017,"3",38.900136,-77.039668,"836624 <br> nw <br> 3 <br>"
611348,"se",2015,"3",38.84625,-76.982325,"611348 <br> se <br> 3 <br>"
833466,"nw",2016,"3",38.911868,-77.038483,"833466 <br> nw <br> 3 <br>"
820193,"se",2015,"4",38.885708,-76.998453,"820193 <br> se <br> 4 <br>"
404585,"nw",2014,"3",38.898111,-77.017698,"404585 <br> nw <br> 3 <br>"
179191,"nw",2013,"3",38.898864,-77.02199,"179191 <br> nw <br> 3 <br>"
810430,"ne",2015,"3",38.932663,-76.99093,"810430 <br> ne <br> 3 <br>"
610866,"nw",2015,"3",38.916925,-77.034906,"610866 <br> nw <br> 3 <br>"
192090,"nw",2013,"4",38.923839,-77.051602,"192090 <br> nw <br> 4 <br>"
821768,"se",2016,"3",38.887518,-77.003416,"821768 <br> se <br> 3 <br>"
821972,"se",2016,"3",38.883448,-76.995048,"821972 <br> se <br> 3 <br>"
405304,"se",2014,"3",38.885678,-76.996254,"405304 <br> se <br> 3 <br>"
116452,"ne",2011,"3",38.925935,-76.983025,"116452 <br> ne <br> 3 <br>"
834865,"nw",2017,"3",38.94476,-77.063705,"834865 <br> nw <br> 3 <br>"
122422,"ne",2011,"3",38.890795,-76.938326,"122422 <br> ne <br> 3 <br>"
7610,"ne",2010,"3",38.95574,-77.004212,"7610 <br> ne <br> 3 <br>"
180232,"nw",2013,"3",38.934581,-77.057978,"180232 <br> nw <br> 3 <br>"
822650,"nw",2016,"3",38.928804,-77.032612,"822650 <br> nw <br> 3 <br>"
834219,"nw",2016,"3",38.910117,-77.034481,"834219 <br> nw <br> 3 <br>"
104526,"sw",2012,"4",38.873908,-76.971333,"104526 <br> sw <br> 4 <br>"
183277,"ne",2013,"3",38.906905,-76.979174,"183277 <br> ne <br> 3 <br>"
201660,"nw",2014,"3",38.922444,-77.021091,"201660 <br> nw <br> 3 <br>"
404744,"ne",2014,"3",38.89732,-77.008425,"404744 <br> ne <br> 3 <br>"
812787,"ne",2015,"3",38.929782,-76.974702,"812787 <br> ne <br> 3 <br>"
169000,"nw",2012,"3",38.898316,-77.027034,"169000 <br> nw <br> 3 <br>"
201926,"nw",2014,"3",38.907042,-77.063219,"201926 <br> nw <br> 3 <br>"
834611,"nw",2017,"3",38.899655,-77.047012,"834611 <br> nw <br> 3 <br>"
8120,"nw",2010,"4",38.898447,-77.023964,"8120 <br> nw <br> 4 <br>"
836985,"nw",2017,"3",38.900617,-77.044825,"836985 <br> nw <br> 3 <br>"
179277,"nw",2013,"3",38.90087,-77.021911,"179277 <br> nw <br> 3 <br>"
9293,"nw",2010,"3",38.916924,-77.030144,"9293 <br> nw <br> 3 <br>"
198915,"ne",2013,"4",38.89732,-77.008425,"198915 <br> ne <br> 4 <br>"
837093,"se",2017,"3",38.872032,-77.009085,"837093 <br> se <br> 3 <br>"
205587,"nw",2014,"3",38.895019,-77.028095,"205587 <br> nw <br> 3 <br>"
837209,"nw",2017,"3",38.915478,-77.011664,"837209 <br> nw <br> 3 <br>"
140270,"nw",2011,"3",38.92904,-77.023229,"140270 <br> nw <br> 3 <br>"
130101,"nw",2011,"3",38.899085,-77.032464,"130101 <br> nw <br> 3 <br>"
201991,"nw",2014,"3",38.896132,-77.021917,"201991 <br> nw <br> 3 <br>"
104315,"nw",2011,"3",38.916922,-77.032767,"104315 <br> nw <br> 3 <br>"
183290,"nw",2013,"3",38.895655,-77.030828,"183290 <br> nw <br> 3 <br>"
7307,"nw",2010,"3",38.901337,-77.031962,"7307 <br> nw <br> 3 <br>"
404116,"se",2014,"3",38.882606,-76.99505,"404116 <br> se <br> 3 <br>"
199079,"nw",2013,"3",38.905646,-77.034568,"199079 <br> nw <br> 3 <br>"
606574,"nw",2014,"3",38.900363,-77.036478,"606574 <br> nw <br> 3 <br>"
203798,"ne",2014,"3",38.893257,-76.950542,"203798 <br> ne <br> 3 <br>"
156215,"ne",2012,"4",38.90564,-77.005884,"156215 <br> ne <br> 4 <br>"
610501,"nw",2015,"3",38.898077,-77.033569,"610501 <br> nw <br> 3 <br>"
200806,"ne",2013,"3",38.89732,-77.008425,"200806 <br> ne <br> 3 <br>"
180745,"nw",2013,"3",38.898316,-77.027034,"180745 <br> nw <br> 3 <br>"
22016,"nw",2012,"3",38.899738,-77.023012,"22016 <br> nw <br> 3 <br>"
180352,"se",2013,"3",38.885054,-76.996922,"180352 <br> se <br> 3 <br>"
825566,"sw",2016,"3",38.877033,-77.021485,"825566 <br> sw <br> 3 <br>"
116332,"nw",2011,"3",38.93936,-77.08794,"116332 <br> nw <br> 3 <br>"
835497,"nw",2017,"5",38.90526,-77.051407,"835497 <br> nw <br> 5 <br>"
607470,"nw",2015,"3",38.900208,-77.039448,"607470 <br> nw <br> 3 <br>"
836848,"se",2017,"3",38.858582,-76.968219,"836848 <br> se <br> 3 <br>"
136577,"nw",2012,"3",38.928804,-77.032612,"136577 <br> nw <br> 3 <br>"
200588,"nw",2013,"4",38.981279,-77.026588,"200588 <br> nw <br> 4 <br>"
153088,"nw",2012,"4",38.909566,-77.045876,"153088 <br> nw <br> 4 <br>"
140289,"nw",2011,"4",38.909566,-77.045825,"140289 <br> nw <br> 4 <br>"
820390,"se",2015,"3",38.87828,-77.007532,"820390 <br> se <br> 3 <br>"
118711,"nw",2012,"4",38.898447,-77.023964,"118711 <br> nw <br> 4 <br>"
203945,"nw",2014,"3",38.902622,-77.059107,"203945 <br> nw <br> 3 <br>"
54097,"nw",2010,"3",38.964954,-77.02771,"54097 <br> nw <br> 3 <br>"
836533,"nw",2017,"3",38.894444,-77.026001,"836533 <br> nw <br> 3 <br>"
812565,"ne",2015,"3",38.900275,-76.989841,"812565 <br> ne <br> 3 <br>"
168636,"nw",2012,"3",38.899739,-77.022996,"168636 <br> nw <br> 3 <br>"
831547,"nw",2016,"3",38.898314,-77.033644,"831547 <br> nw <br> 3 <br>"
192179,"nw",2013,"3",38.909717,-77.037118,"192179 <br> nw <br> 3 <br>"
606265,"nw",2014,"3",38.898077,-77.033569,"606265 <br> nw <br> 3 <br>"
205814,"se",2014,"3",38.889804,-76.991532,"205814 <br> se <br> 3 <br>"
826172,"ne",2016,"3",38.89732,-77.008425,"826172 <br> ne <br> 3 <br>"
825994,"nw",2016,"4",38.909577,-77.032957,"825994 <br> nw <br> 4 <br>"
118425,"nw",2011,"3",38.901252,-77.046318,"118425 <br> nw <br> 3 <br>"
834538,"ne",2017,"3",38.93846,-76.993068,"834538 <br> ne <br> 3 <br>"
203917,"nw",2014,"3",38.904656,-77.043529,"203917 <br> nw <br> 3 <br>"
811298,"sw",2015,"3",38.888714,-77.023995,"811298 <br> sw <br> 3 <br>"
822988,"nw",2016,"3",38.928804,-77.032612,"822988 <br> nw <br> 3 <br>"
836143,"nw",2017,"3",38.902622,-77.059107,"836143 <br> nw <br> 3 <br>"
826201,"nw",2016,"3",38.898238,-77.029732,"826201 <br> nw <br> 3 <br>"
8596,"se",2010,"3",38.888449,-76.937138,"8596 <br> se <br> 3 <br>"
405668,"nw",2014,"3",38.917043,-77.041301,"405668 <br> nw <br> 3 <br>"
204867,"nw",2014,"3",38.950443,-77.080479,"204867 <br> nw <br> 3 <br>"
834400,"nw",2017,"3",38.89734,-77.0199,"834400 <br> nw <br> 3 <br>"
155486,"sw",2012,"3",38.886113,-77.019306,"155486 <br> sw <br> 3 <br>"
205616,"nw",2014,"3",38.905728,-77.038974,"205616 <br> nw <br> 3 <br>"
119356,"nw",2014,"3",38.901337,-77.031962,"119356 <br> nw <br> 3 <br>"
405993,"nw",2014,"3",38.926285,-77.036938,"405993 <br> nw <br> 3 <br>"
830835,"ne",2016,"3",38.89732,-77.008425,"830835 <br> ne <br> 3 <br>"
810754,"nw",2015,"3",38.93576,-77.024209,"810754 <br> nw <br> 3 <br>"
810266,"nw",2015,"3",38.908155,-77.044947,"810266 <br> nw <br> 3 <br>"
168578,"nw",2012,"3",38.912559,-77.05722,"168578 <br> nw <br> 3 <br>"
168383,"nw",2012,"3",38.900704,-77.0449,"168383 <br> nw <br> 3 <br>"
201786,"ne",2014,"3",38.894864,-77.001782,"201786 <br> ne <br> 3 <br>"
832709,"nw",2016,"3",38.899445,-77.028008,"832709 <br> nw <br> 3 <br>"
838343,"ne",2017,"3",38.905568,-77.005191,"838343 <br> ne <br> 3 <br>"
140293,"nw",2011,"3",38.912751,-77.045319,"140293 <br> nw <br> 3 <br>"
814017,"nw",2015,"3",38.910275,-77.043808,"814017 <br> nw <br> 3 <br>"
814168,"nw",2015,"3",38.899146,-77.040555,"814168 <br> nw <br> 3 <br>"
606841,"ne",2015,"3",38.907069,-77.005081,"606841 <br> ne <br> 3 <br>"
198488,"se",2013,"3",38.881096,-76.987216,"198488 <br> se <br> 3 <br>"
183609,"sw",2013,"3",38.884415,-77.015258,"183609 <br> sw <br> 3 <br>"
825760,"se",2016,"3",38.880787,-76.99505,"825760 <br> se <br> 3 <br>"
404699,"ne",2014,"4",38.937352,-76.990657,"404699 <br> ne <br> 4 <br>"
823617,"ne",2016,"3",38.89732,-77.008425,"823617 <br> ne <br> 3 <br>"
68108,"nw",2011,"3",38.905654,-77.036534,"68108 <br> nw <br> 3 <br>"
820841,"nw",2015,"3",38.905582,-77.044641,"820841 <br> nw <br> 3 <br>"
22014,"nw",2012,"3",38.921193,-77.042107,"22014 <br> nw <br> 3 <br>"
153122,"nw",2012,"4",38.916767,-77.046739,"153122 <br> nw <br> 4 <br>"
205367,"nw",2014,"3",38.898241,-77.0272,"205367 <br> nw <br> 3 <br>"
183996,"nw",2013,"3",38.934211,-77.032657,"183996 <br> nw <br> 3 <br>"
405326,"ne",2014,"3",38.890874,-76.952346,"405326 <br> ne <br> 3 <br>"
10569,"se",2010,"3",38.8368,-76.997697,"10569 <br> se <br> 3 <br>"
404671,"se",2014,"3",38.872032,-77.009085,"404671 <br> se <br> 3 <br>"
405173,"nw",2014,"3",38.914876,-77.021842,"405173 <br> nw <br> 3 <br>"
833802,"nw",2016,"3",38.905728,-77.042315,"833802 <br> nw <br> 3 <br>"
183322,"nw",2013,"3",38.905071,-77.06412,"183322 <br> nw <br> 3 <br>"
824139,"nw",2016,"5",38.90526,-77.051408,"824139 <br> nw <br> 5 <br>"
10185,"ne",2010,"3",38.934594,-76.991088,"10185 <br> ne <br> 3 <br>"
843672,"sw",2017,"4",38.884191,-77.029151,"843672 <br> sw <br> 4 <br>"
811000,"nw",2015,"3",38.916998,-77.03195,"811000 <br> nw <br> 3 <br>"
142960,"nw",2012,"3",38.91718,-77.031875,"142960 <br> nw <br> 3 <br>"
897752,"se",2017,"3",38.845089,-76.997389,"897752 <br> se <br> 3 <br>"
811242,"nw",2015,"3",38.914701,-77.067286,"811242 <br> nw <br> 3 <br>"
118269,"se",2011,"3",38.872032,-77.009085,"118269 <br> se <br> 3 <br>"
119281,"nw",2013,"3",38.935625,-77.058618,"119281 <br> nw <br> 3 <br>"
606622,"nw",2014,"3",38.902943,-77.022864,"606622 <br> nw <br> 3 <br>"
98231,"nw",2011,"3",38.896056,-77.020321,"98231 <br> nw <br> 3 <br>"
7165,"ne",2010,"3",38.932786,-77.00153,"7165 <br> ne <br> 3 <br>"
607700,"se",2015,"3",38.829129,-76.998389,"607700 <br> se <br> 3 <br>"
836020,"se",2017,"3",38.860033,-76.966412,"836020 <br> se <br> 3 <br>"
104849,"nw",2012,"3",38.89644,-77.011443,"104849 <br> nw <br> 3 <br>"
142965,"nw",2012,"3",38.935548,-77.058583,"142965 <br> nw <br> 3 <br>"
607836,"nw",2015,"3",38.931396,-77.038314,"607836 <br> nw <br> 3 <br>"
830459,"sw",2016,"4",38.878403,-77.017566,"830459 <br> sw <br> 4 <br>"
404403,"se",2014,"3",38.887115,-77.002054,"404403 <br> se <br> 3 <br>"
611948,"nw",2015,"4",38.909577,-77.032957,"611948 <br> nw <br> 4 <br>"
184016,"nw",2013,"3",38.909641,-77.045757,"184016 <br> nw <br> 3 <br>"
811229,"nw",2015,"3",38.953536,-77.081943,"811229 <br> nw <br> 3 <br>"
204119,"nw",2014,"3",38.897338,-77.01014,"204119 <br> nw <br> 3 <br>"
838235,"nw",2017,"3",38.909639,-77.046634,"838235 <br> nw <br> 3 <br>"
832419,"nw",2016,"3",38.899886,-77.020165,"832419 <br> nw <br> 3 <br>"
813193,"nw",2015,"3",38.950443,-77.080479,"813193 <br> nw <br> 3 <br>"
153374,"ne",2013,"3",38.907336,-77.003429,"153374 <br> ne <br> 3 <br>"
811225,"nw",2015,"3",38.951054,-77.080767,"811225 <br> nw <br> 3 <br>"
837699,"ne",2017,"3",38.919869,-76.973006,"837699 <br> ne <br> 3 <br>"
205197,"se",2014,"3",38.887503,-77.003329,"205197 <br> se <br> 3 <br>"
832411,"nw",2016,"3",38.903667,-77.054008,"832411 <br> nw <br> 3 <br>"
200417,"nw",2013,"3",38.925666,-77.054231,"200417 <br> nw <br> 3 <br>"
405389,"nw",2014,"3",38.89734,-77.0199,"405389 <br> nw <br> 3 <br>"
405266,"nw",2014,"3",38.89734,-77.0199,"405266 <br> nw <br> 3 <br>"
405496,"ne",2014,"3",38.908218,-76.982147,"405496 <br> ne <br> 3 <br>"
833350,"nw",2016,"3",38.909566,-77.045774,"833350 <br> nw <br> 3 <br>"
202721,"nw",2014,"3",38.900704,-77.0449,"202721 <br> nw <br> 3 <br>"
155221,"nw",2012,"3",38.902056,-77.013649,"155221 <br> nw <br> 3 <br>"
823363,"nw",2016,"3",38.892759,-77.019899,"823363 <br> nw <br> 3 <br>"
405538,"nw",2014,"3",38.930017,-77.023369,"405538 <br> nw <br> 3 <br>"
820761,"nw",2015,"3",38.896133,-77.023964,"820761 <br> nw <br> 3 <br>"
155845,"nw",2012,"4",38.90393,-77.033069,"155845 <br> nw <br> 4 <br>"
405421,"nw",2014,"3",38.898245,-77.045474,"405421 <br> nw <br> 3 <br>"
834170,"ne",2016,"3",38.932439,-76.996886,"834170 <br> ne <br> 3 <br>"
8114,"nw",2010,"3",38.90573,-77.041574,"8114 <br> nw <br> 3 <br>"
180473,"nw",2013,"3",38.941806,-77.0251,"180473 <br> nw <br> 3 <br>"
405643,"nw",2014,"3",38.910275,-77.043808,"405643 <br> nw <br> 3 <br>"
823348,"nw",2016,"3",38.899283,-77.040494,"823348 <br> nw <br> 3 <br>"
200897,"sw",2014,"5",38.886886,-77.019911,"200897 <br> sw <br> 5 <br>"
204659,"nw",2014,"3",38.897347,-77.05487,"204659 <br> nw <br> 3 <br>"
820343,"nw",2015,"3",38.896056,-77.020321,"820343 <br> nw <br> 3 <br>"
814355,"nw",2015,"3",38.902976,-77.051416,"814355 <br> nw <br> 3 <br>"
823158,"nw",2016,"3",38.91409,-77.027035,"823158 <br> nw <br> 3 <br>"
108307,"nw",2012,"3",38.917195,-77.02387,"108307 <br> nw <br> 3 <br>"
821465,"ne",2016,"3",38.900275,-76.99124,"821465 <br> ne <br> 3 <br>"
814299,"se",2015,"3",38.883962,-77.022098,"814299 <br> se <br> 3 <br>"
8434,"se",2010,"3",38.860848,-76.96911,"8434 <br> se <br> 3 <br>"
835053,"ne",2017,"3",38.914529,-76.984596,"835053 <br> ne <br> 3 <br>"
832589,"nw",2016,"3",38.921373,-77.042308,"832589 <br> nw <br> 3 <br>"
813670,"nw",2015,"3",38.920029,-77.071239,"813670 <br> nw <br> 3 <br>"
891150,"nw",2017,"3",38.905695,-76.975105,"891150 <br> nw <br> 3 <br>"
406068,"nw",2014,"3",38.902803,-77.033525,"406068 <br> nw <br> 3 <br>"
838346,"nw",2017,"3",38.896403,-77.033649,"838346 <br> nw <br> 3 <br>"
404562,"nw",2014,"3",38.930451,-77.037909,"404562 <br> nw <br> 3 <br>"
180839,"nw",2013,"3",38.922074,-77.04337,"180839 <br> nw <br> 3 <br>"
813419,"nw",2015,"3",38.903737,-77.03195,"813419 <br> nw <br> 3 <br>"
813119,"nw",2015,"3",38.892109,-77.017564,"813119 <br> nw <br> 3 <br>"
119168,"nw",2013,"3",38.903742,-77.038508,"119168 <br> nw <br> 3 <br>"
611557,"nw",2015,"3",38.903743,-77.043455,"611557 <br> nw <br> 3 <br>"
832701,"nw",2016,"5",38.900691,-77.048823,"832701 <br> nw <br> 5 <br>"
122542,"nw",2011,"3",38.923902,-77.05163,"122542 <br> nw <br> 3 <br>"
183772,"nw",2013,"3",38.921508,-77.042188,"183772 <br> nw <br> 3 <br>"
203860,"ne",2014,"3",38.904758,-76.994897,"203860 <br> ne <br> 3 <br>"
833615,"ne",2016,"3",38.945404,-76.978649,"833615 <br> ne <br> 3 <br>"
822075,"ne",2016,"3",38.89732,-77.008425,"822075 <br> ne <br> 3 <br>"
404444,"nw",2014,"3",38.908155,-77.044947,"404444 <br> nw <br> 3 <br>"
21466,"nw",2011,"5",38.898528,-77.022512,"21466 <br> nw <br> 5 <br>"
812072,"nw",2015,"3",38.913021,-77.045275,"812072 <br> nw <br> 3 <br>"
203772,"nw",2014,"3",38.918717,-77.048312,"203772 <br> nw <br> 3 <br>"
810829,"nw",2015,"3",38.930669,-77.032635,"810829 <br> nw <br> 3 <br>"
820629,"nw",2015,"4",38.940811,-77.02524,"820629 <br> nw <br> 4 <br>"
825833,"nw",2016,"5",38.90526,-77.051407,"825833 <br> nw <br> 5 <br>"
105124,"nw",2013,"3",38.906446,-77.041668,"105124 <br> nw <br> 3 <br>"
177387,"nw",2013,"4",38.981279,-77.026588,"177387 <br> nw <br> 4 <br>"
142357,"ne",2012,"3",38.894864,-77.001782,"142357 <br> ne <br> 3 <br>"
832550,"se",2016,"3",38.919095,-76.98826,"832550 <br> se <br> 3 <br>"
825152,"nw",2016,"3",38.901318,-77.046652,"825152 <br> nw <br> 3 <br>"
183832,"nw",2013,"3",38.897427,-77.043651,"183832 <br> nw <br> 3 <br>"
825236,"nw",2016,"3",38.897263,-77.011055,"825236 <br> nw <br> 3 <br>"
205541,"se",2014,"3",38.86642,-76.983186,"205541 <br> se <br> 3 <br>"
118347,"nw",2011,"3",38.898315,-77.028078,"118347 <br> nw <br> 3 <br>"
181052,"sw",2013,"5",38.886886,-77.019911,"181052 <br> sw <br> 5 <br>"
205791,"nw",2014,"3",38.9027,-77.041614,"205791 <br> nw <br> 3 <br>"
21133,"nw",2011,"4",38.896132,-77.021917,"21133 <br> nw <br> 4 <br>"
607006,"nw",2015,"4",38.924951,-77.101404,"607006 <br> nw <br> 4 <br>"
837776,"nw",2017,"4",38.897349,-77.031962,"837776 <br> nw <br> 4 <br>"
834771,"nw",2017,"3",38.917074,-77.027152,"834771 <br> nw <br> 3 <br>"
119189,"nw",2013,"5",38.957223,-77.071107,"119189 <br> nw <br> 5 <br>"
611037,"nw",2015,"3",38.90141,-77.042034,"611037 <br> nw <br> 3 <br>"
177228,"nw",2013,"3",38.928804,-77.032612,"177228 <br> nw <br> 3 <br>"
833739,"nw",2016,"3",38.894411,-77.0199,"833739 <br> nw <br> 3 <br>"
180169,"ne",2013,"3",38.89701,-76.961181,"180169 <br> ne <br> 3 <br>"
821977,"nw",2016,"3",38.928804,-77.032612,"821977 <br> nw <br> 3 <br>"
204322,"nw",2014,"5",38.916999,-77.02962,"204322 <br> nw <br> 5 <br>"
891225,"se",2017,"3",38.876464,-77.00822,"891225 <br> se <br> 3 <br>"
610741,"sw",2015,"3",38.823118,-77.004751,"610741 <br> sw <br> 3 <br>"
118868,"nw",2012,"3",38.89734,-77.0199,"118868 <br> nw <br> 3 <br>"
405181,"nw",2014,"3",38.900698,-77.050128,"405181 <br> nw <br> 3 <br>"
108086,"nw",2011,"3",38.89734,-77.0199,"108086 <br> nw <br> 3 <br>"
820648,"nw",2015,"3",38.902853,-77.033503,"820648 <br> nw <br> 3 <br>"
199669,"nw",2013,"4",38.905625,-77.046646,"199669 <br> nw <br> 4 <br>"
180294,"sw",2013,"3",38.884485,-77.028123,"180294 <br> sw <br> 3 <br>"
836407,"nw",2017,"3",38.915575,-77.020873,"836407 <br> nw <br> 3 <br>"
201470,"nw",2014,"3",38.918118,-77.069586,"201470 <br> nw <br> 3 <br>"
835294,"se",2017,"3",38.87648,-77.000581,"835294 <br> se <br> 3 <br>"
204414,"nw",2014,"3",38.959041,-77.084846,"204414 <br> nw <br> 3 <br>"
104993,"nw",2013,"3",38.920763,-77.027036,"104993 <br> nw <br> 3 <br>"
823747,"nw",2016,"3",38.91999,-77.021923,"823747 <br> nw <br> 3 <br>"
890994,"ne",2017,"3",38.895854,-76.948632,"890994 <br> ne <br> 3 <br>"
835816,"nw",2017,"3",38.934211,-77.032657,"835816 <br> nw <br> 3 <br>"
890455,"nw",2017,"3",38.900007,-77.02184,"890455 <br> nw <br> 3 <br>"
813631,"nw",2015,"3",38.893311,-77.014647,"813631 <br> nw <br> 3 <br>"
108283,"nw",2012,"3",38.907956,-77.031874,"108283 <br> nw <br> 3 <br>"
179835,"ne",2013,"3",38.901528,-76.94181,"179835 <br> ne <br> 3 <br>"
824252,"nw",2016,"5",38.904807,-77.056668,"824252 <br> nw <br> 5 <br>"
833410,"sw",2016,"3",38.886886,-77.019911,"833410 <br> sw <br> 3 <br>"
155489,"nw",2012,"3",38.907312,-77.024713,"155489 <br> nw <br> 3 <br>"
810497,"nw",2015,"3",38.899739,-77.022996,"810497 <br> nw <br> 3 <br>"
831895,"ne",2016,"3",38.933218,-76.996292,"831895 <br> ne <br> 3 <br>"
813017,"nw",2015,"3",38.912584,-77.074117,"813017 <br> nw <br> 3 <br>"
821399,"nw",2016,"3",38.9206,-77.03184,"821399 <br> nw <br> 3 <br>"
821524,"nw",2016,"4",38.879283,-76.980755,"821524 <br> nw <br> 4 <br>"
155349,"nw",2012,"3",38.932889,-77.072412,"155349 <br> nw <br> 3 <br>"
204747,"nw",2014,"3",38.909567,-77.045141,"204747 <br> nw <br> 3 <br>"
837902,"ne",2017,"3",38.90013,-76.996091,"837902 <br> ne <br> 3 <br>"
94214,"nw",2012,"4",38.892759,-77.019899,"94214 <br> nw <br> 4 <br>"
814225,"ne",2015,"3",38.932573,-76.991074,"814225 <br> ne <br> 3 <br>"
166110,"nw",2012,"3",38.917074,-77.027152,"166110 <br> nw <br> 3 <br>"
810750,"ne",2015,"3",38.894782,-76.994962,"810750 <br> ne <br> 3 <br>"
611276,"se",2015,"3",38.880037,-76.984717,"611276 <br> se <br> 3 <br>"
204446,"nw",2014,"4",38.974962,-77.016443,"204446 <br> nw <br> 4 <br>"
810436,"nw",2015,"3",38.905695,-76.975105,"810436 <br> nw <br> 3 <br>"
836299,"nw",2017,"3",38.909641,-77.045757,"836299 <br> nw <br> 3 <br>"
832623,"nw",2016,"3",38.89613,-77.019905,"832623 <br> nw <br> 3 <br>"
834615,"nw",2017,"3",38.902599,-77.043551,"834615 <br> nw <br> 3 <br>"
837278,"ne",2017,"3",38.900076,-76.983445,"837278 <br> ne <br> 3 <br>"
180845,"se",2013,"3",38.882562,-76.99505,"180845 <br> se <br> 3 <br>"
205009,"se",2014,"3",38.887518,-77.003416,"205009 <br> se <br> 3 <br>"
153390,"nw",2013,"3",38.89824,-77.041106,"153390 <br> nw <br> 3 <br>"
836622,"ne",2017,"3",38.900196,-76.985503,"836622 <br> ne <br> 3 <br>"
177203,"nw",2012,"3",38.905727,-77.041887,"177203 <br> nw <br> 3 <br>"
9842,"nw",2010,"3",38.912605,-77.017363,"9842 <br> nw <br> 3 <br>"
8957,"nw",2010,"3",38.903743,-77.043455,"8957 <br> nw <br> 3 <br>"
156038,"ne",2012,"3",38.921997,-76.988669,"156038 <br> ne <br> 3 <br>"
205165,"nw",2014,"3",38.909716,-77.045884,"205165 <br> nw <br> 3 <br>"
832767,"se",2016,"3",38.875895,-76.99466,"832767 <br> se <br> 3 <br>"
9966,"nw",2010,"4",38.8936,-77.022961,"9966 <br> nw <br> 4 <br>"
192107,"nw",2013,"3",38.903737,-77.029626,"192107 <br> nw <br> 3 <br>"
611512,"nw",2015,"3",38.898455,-77.022933,"611512 <br> nw <br> 3 <br>"
136817,"se",2013,"3",38.886508,-76.945036,"136817 <br> se <br> 3 <br>"
822609,"ne",2016,"3",38.892106,-76.951445,"822609 <br> ne <br> 3 <br>"
104679,"nw",2012,"3",38.898391,-77.032462,"104679 <br> nw <br> 3 <br>"
202264,"nw",2014,"3",38.906456,-77.043448,"202264 <br> nw <br> 3 <br>"
404988,"nw",2014,"3",38.923341,-77.053613,"404988 <br> nw <br> 3 <br>"
834979,"nw",2017,"3",38.91638,-77.031875,"834979 <br> nw <br> 3 <br>"
96223,"nw",2011,"3",38.905643,-77.0199,"96223 <br> nw <br> 3 <br>"
611314,"ne",2015,"3",38.931215,-77.000982,"611314 <br> ne <br> 3 <br>"
844011,"nw",2017,"4",38.89562,-77.013579,"844011 <br> nw <br> 4 <br>"
406036,"ne",2014,"3",38.931215,-77.000982,"406036 <br> ne <br> 3 <br>"
811885,"nw",2015,"3",38.945494,-77.078324,"811885 <br> nw <br> 3 <br>"
155690,"nw",2012,"3",38.901252,-77.046318,"155690 <br> nw <br> 3 <br>"
205617,"nw",2014,"3",38.907246,-77.050101,"205617 <br> nw <br> 3 <br>"
610235,"ne",2015,"3",38.89732,-77.008425,"610235 <br> ne <br> 3 <br>"
94338,"nw",2013,"3",38.903743,-77.041673,"94338 <br> nw <br> 3 <br>"
8808,"nw",2010,"3",38.900704,-77.0449,"8808 <br> nw <br> 3 <br>"
838979,"se",2017,"3",38.8782,-76.995049,"838979 <br> se <br> 3 <br>"
812439,"nw",2015,"3",38.923341,-77.053613,"812439 <br> nw <br> 3 <br>"
821960,"nw",2016,"3",38.933581,-77.03273,"821960 <br> nw <br> 3 <br>"
832334,"se",2016,"3",38.882562,-76.99505,"832334 <br> se <br> 3 <br>"
839341,"nw",2017,"3",38.928805,-77.032612,"839341 <br> nw <br> 3 <br>"
810216,"nw",2015,"3",38.908155,-77.044947,"810216 <br> nw <br> 3 <br>"
7170,"nw",2010,"3",38.982883,-77.026484,"7170 <br> nw <br> 3 <br>"
821409,"se",2016,"3",38.873303,-76.970965,"821409 <br> se <br> 3 <br>"
156148,"nw",2012,"3",38.895655,-77.030828,"156148 <br> nw <br> 3 <br>"
199016,"nw",2013,"3",38.903743,-77.043455,"199016 <br> nw <br> 3 <br>"
118285,"nw",2011,"3",38.946212,-77.094872,"118285 <br> nw <br> 3 <br>"
122244,"ne",2011,"3",38.894605,-77.002035,"122244 <br> ne <br> 3 <br>"
831481,"nw",2016,"3",38.902778,-77.033698,"831481 <br> nw <br> 3 <br>"
405393,"nw",2014,"3",38.89734,-77.0199,"405393 <br> nw <br> 3 <br>"
821891,"nw",2016,"3",38.903096,-77.018853,"821891 <br> nw <br> 3 <br>"
820670,"ne",2015,"3",38.93056,-76.977953,"820670 <br> ne <br> 3 <br>"
9220,"nw",2010,"3",38.947333,-77.079235,"9220 <br> nw <br> 3 <br>"
833473,"nw",2016,"3",38.931868,-77.032735,"833473 <br> nw <br> 3 <br>"
198195,"nw",2013,"3",38.894802,-77.018934,"198195 <br> nw <br> 3 <br>"
813977,"se",2015,"3",38.860848,-76.96911,"813977 <br> se <br> 3 <br>"
104923,"ne",2013,"3",38.907698,-76.999806,"104923 <br> ne <br> 3 <br>"
824161,"nw",2016,"3",38.895655,-77.030828,"824161 <br> nw <br> 3 <br>"
8414,"nw",2010,"3",38.91296,-77.045412,"8414 <br> nw <br> 3 <br>"
9319,"ne",2010,"3",38.906842,-77.00581,"9319 <br> ne <br> 3 <br>"
821171,"nw",2015,"4",38.923933,-77.051644,"821171 <br> nw <br> 4 <br>"
122503,"nw",2011,"4",38.903854,-77.062856,"122503 <br> nw <br> 4 <br>"
813372,"nw",2015,"3",38.894444,-77.026001,"813372 <br> nw <br> 3 <br>"
607041,"nw",2015,"3",38.946473,-77.0328,"607041 <br> nw <br> 3 <br>"
21253,"nw",2011,"3",38.943162,-77.077029,"21253 <br> nw <br> 3 <br>"
836713,"nw",2017,"3",38.931254,-77.038275,"836713 <br> nw <br> 3 <br>"
823003,"nw",2016,"3",38.903743,-77.041673,"823003 <br> nw <br> 3 <br>"
142542,"nw",2012,"3",38.935792,-77.058694,"142542 <br> nw <br> 3 <br>"
833911,"nw",2016,"4",38.968465,-77.026144,"833911 <br> nw <br> 4 <br>"
831098,"nw",2016,"3",38.899886,-77.02026,"831098 <br> nw <br> 3 <br>"
831309,"se",2016,"3",38.887248,-76.996119,"831309 <br> se <br> 3 <br>"
830652,"nw",2016,"3",38.90141,-77.042034,"830652 <br> nw <br> 3 <br>"
836841,"se",2017,"3",38.874313,-76.969026,"836841 <br> se <br> 3 <br>"
155401,"nw",2012,"3",38.903162,-77.021993,"155401 <br> nw <br> 3 <br>"
823000,"nw",2016,"3",38.960058,-77.085261,"823000 <br> nw <br> 3 <br>"
179340,"se",2013,"3",38.887529,-77.003474,"179340 <br> se <br> 3 <br>"
404923,"se",2014,"4",38.835954,-76.982404,"404923 <br> se <br> 4 <br>"
202807,"nw",2014,"3",38.935592,-77.032732,"202807 <br> nw <br> 3 <br>"
155593,"nw",2012,"3",38.906899,-77.062985,"155593 <br> nw <br> 3 <br>"
832297,"nw",2016,"3",38.922074,-77.04337,"832297 <br> nw <br> 3 <br>"
610748,"nw",2015,"3",38.911231,-77.044269,"610748 <br> nw <br> 3 <br>"
108296,"nw",2012,"4",38.909566,-77.045876,"108296 <br> nw <br> 4 <br>"
836309,"ne",2017,"3",38.908218,-76.982147,"836309 <br> ne <br> 3 <br>"
822392,"ne",2016,"3",38.90028,-76.996033,"822392 <br> ne <br> 3 <br>"
821945,"se",2016,"3",38.885536,-76.998387,"821945 <br> se <br> 3 <br>"
126140,"se",2011,"3",38.887017,-77.001868,"126140 <br> se <br> 3 <br>"
180249,"nw",2013,"3",38.896128,-77.015186,"180249 <br> nw <br> 3 <br>"
833128,"nw",2016,"3",38.898819,-77.038475,"833128 <br> nw <br> 3 <br>"
610456,"ne",2015,"3",38.945341,-76.978701,"610456 <br> ne <br> 3 <br>"
832134,"nw",2016,"4",38.905654,-77.036534,"832134 <br> nw <br> 4 <br>"
813487,"se",2015,"3",38.88529,-76.997961,"813487 <br> se <br> 3 <br>"
203606,"nw",2014,"3",38.905276,-77.060261,"203606 <br> nw <br> 3 <br>"
177226,"nw",2013,"3",38.930669,-77.032635,"177226 <br> nw <br> 3 <br>"
819946,"ne",2015,"3",38.89732,-77.008425,"819946 <br> ne <br> 3 <br>"
821411,"se",2016,"3",38.833647,-77.008411,"821411 <br> se <br> 3 <br>"
811203,"nw",2015,"3",38.901398,-77.016814,"811203 <br> nw <br> 3 <br>"
836046,"ne",2017,"3",38.901164,-76.980879,"836046 <br> ne <br> 3 <br>"
183135,"nw",2013,"3",38.914838,-77.024042,"183135 <br> nw <br> 3 <br>"
9864,"nw",2010,"3",38.910204,-77.043768,"9864 <br> nw <br> 3 <br>"
832370,"se",2016,"3",38.888788,-76.937251,"832370 <br> se <br> 3 <br>"
122533,"nw",2011,"3",38.909909,-77.024044,"122533 <br> nw <br> 3 <br>"
142998,"nw",2012,"3",38.901545,-77.047433,"142998 <br> nw <br> 3 <br>"
611821,"ne",2015,"4",38.942258,-76.981565,"611821 <br> ne <br> 4 <br>"
820680,"nw",2015,"3",38.93936,-77.08794,"820680 <br> nw <br> 3 <br>"
119278,"nw",2013,"3",38.935792,-77.058694,"119278 <br> nw <br> 3 <br>"
199328,"nw",2013,"3",38.926391,-77.102836,"199328 <br> nw <br> 3 <br>"
142900,"se",2012,"3",38.885476,-76.998328,"142900 <br> se <br> 3 <br>"
820004,"se",2015,"3",38.887248,-76.996119,"820004 <br> se <br> 3 <br>"
835046,"se",2017,"3",38.887503,-77.003329,"835046 <br> se <br> 3 <br>"
404297,"nw",2014,"3",38.959041,-77.084846,"404297 <br> nw <br> 3 <br>"
183631,"nw",2013,"3",38.930515,-77.033499,"183631 <br> nw <br> 3 <br>"
607397,"ne",2015,"3",38.906905,-76.979174,"607397 <br> ne <br> 3 <br>"
405094,"sw",2014,"3",38.873908,-76.971333,"405094 <br> sw <br> 3 <br>"
611030,"nw",2015,"3",38.931973,-77.028217,"611030 <br> nw <br> 3 <br>"
830601,"sw",2016,"4",38.888232,-77.026003,"830601 <br> sw <br> 4 <br>"
204568,"nw",2014,"3",38.91776,-77.021896,"204568 <br> nw <br> 3 <br>"
826016,"nw",2016,"3",38.952067,-77.027375,"826016 <br> nw <br> 3 <br>"
825693,"ne",2016,"3",38.900273,-76.987079,"825693 <br> ne <br> 3 <br>"
140242,"nw",2011,"3",38.896133,-77.023964,"140242 <br> nw <br> 3 <br>"
813903,"nw",2015,"3",38.903834,-77.038583,"813903 <br> nw <br> 3 <br>"
837484,"nw",2017,"3",38.915478,-77.011664,"837484 <br> nw <br> 3 <br>"
203308,"nw",2014,"4",38.909577,-77.032957,"203308 <br> nw <br> 4 <br>"
143235,"nw",2012,"5",38.930977,-77.015459,"143235 <br> nw <br> 5 <br>"
10173,"ne",2010,"5",38.89732,-77.008425,"10173 <br> ne <br> 5 <br>"
832556,"nw",2016,"3",38.944783,-77.077928,"832556 <br> nw <br> 3 <br>"
168599,"nw",2012,"3",38.904395,-77.048281,"168599 <br> nw <br> 3 <br>"
143036,"nw",2012,"3",38.916146,-77.046305,"143036 <br> nw <br> 3 <br>"
116618,"ne",2012,"3",38.894604,-76.913744,"116618 <br> ne <br> 3 <br>"
119051,"nw",2013,"3",38.916926,-77.034813,"119051 <br> nw <br> 3 <br>"
820422,"nw",2015,"4",38.920481,-77.071744,"820422 <br> nw <br> 4 <br>"
205130,"ne",2014,"3",38.942159,-77.000919,"205130 <br> ne <br> 3 <br>"
156004,"nw",2012,"3",38.902599,-77.045396,"156004 <br> nw <br> 3 <br>"
810821,"nw",2015,"3",38.914831,-77.031951,"810821 <br> nw <br> 3 <br>"
142276,"nw",2012,"3",38.915575,-77.020873,"142276 <br> nw <br> 3 <br>"
183470,"nw",2013,"3",38.929674,-77.027744,"183470 <br> nw <br> 3 <br>"
404978,"ne",2014,"3",38.925935,-76.983025,"404978 <br> ne <br> 3 <br>"
183938,"nw",2013,"4",38.896206,-77.023496,"183938 <br> nw <br> 4 <br>"
203899,"nw",2014,"3",38.900202,-77.043461,"203899 <br> nw <br> 3 <br>"
821437,"nw",2016,"4",38.914433,-77.046087,"821437 <br> nw <br> 4 <br>"
821077,"nw",2015,"3",38.903703,-77.066856,"821077 <br> nw <br> 3 <br>"
199358,"nw",2013,"3",38.901422,-77.035933,"199358 <br> nw <br> 3 <br>"
8796,"nw",2010,"3",38.921541,-77.042352,"8796 <br> nw <br> 3 <br>"
203354,"nw",2014,"3",38.928804,-77.032612,"203354 <br> nw <br> 3 <br>"
21730,"nw",2011,"5",38.904807,-77.056668,"21730 <br> nw <br> 5 <br>"
110170,"nw",2012,"3",38.930017,-77.023369,"110170 <br> nw <br> 3 <br>"
156204,"ne",2012,"3",38.900128,-76.994579,"156204 <br> ne <br> 3 <br>"
404539,"sw",2014,"4",38.881868,-77.028028,"404539 <br> sw <br> 4 <br>"
8643,"nw",2010,"4",38.903854,-77.062856,"8643 <br> nw <br> 4 <br>"
155224,"se",2012,"3",38.887083,-76.996117,"155224 <br> se <br> 3 <br>"
824685,"nw",2016,"3",38.904559,-77.021839,"824685 <br> nw <br> 3 <br>"
821441,"nw",2016,"3",38.909639,-77.046634,"821441 <br> nw <br> 3 <br>"
9166,"nw",2010,"3",38.907792,-77.042452,"9166 <br> nw <br> 3 <br>"
153136,"nw",2012,"3",38.909566,-77.045479,"153136 <br> nw <br> 3 <br>"
203076,"ne",2014,"3",38.917357,-76.972256,"203076 <br> ne <br> 3 <br>"
405469,"sw",2014,"3",38.883202,-77.009068,"405469 <br> sw <br> 3 <br>"
198661,"nw",2013,"3",38.908175,-77.042623,"198661 <br> nw <br> 3 <br>"
813542,"nw",2015,"3",38.905912,-77.062904,"813542 <br> nw <br> 3 <br>"
611349,"nw",2015,"3",38.898314,-77.033644,"611349 <br> nw <br> 3 <br>"
7403,"nw",2010,"4",38.903693,-77.05386,"7403 <br> nw <br> 4 <br>"
404686,"nw",2014,"3",38.920951,-77.042199,"404686 <br> nw <br> 3 <br>"
74109,"nw",2011,"3",38.898314,-77.033644,"74109 <br> nw <br> 3 <br>"
205347,"ne",2014,"5",38.900275,-76.989872,"205347 <br> ne <br> 5 <br>"
820427,"sw",2015,"3",38.883241,-77.015188,"820427 <br> sw <br> 3 <br>"
205727,"nw",2014,"3",38.928805,-77.032612,"205727 <br> nw <br> 3 <br>"
813636,"ne",2015,"3",38.89701,-76.961181,"813636 <br> ne <br> 3 <br>"
199886,"nw",2013,"3",38.909644,-77.044236,"199886 <br> nw <br> 3 <br>"
205615,"nw",2014,"3",38.943947,-77.077463,"205615 <br> nw <br> 3 <br>"
177316,"nw",2013,"3",38.911125,-77.028082,"177316 <br> nw <br> 3 <br>"
9150,"nw",2010,"3",38.905726,-77.042024,"9150 <br> nw <br> 3 <br>"
823300,"nw",2016,"3",38.895447,-77.029632,"823300 <br> nw <br> 3 <br>"
606535,"nw",2014,"3",38.896208,-77.026019,"606535 <br> nw <br> 3 <br>"
607742,"nw",2015,"3",38.924371,-77.051883,"607742 <br> nw <br> 3 <br>"
611111,"nw",2015,"3",38.898314,-77.033644,"611111 <br> nw <br> 3 <br>"
180803,"nw",2013,"3",38.917,-77.041579,"180803 <br> nw <br> 3 <br>"
204555,"nw",2014,"3",38.920958,-77.031931,"204555 <br> nw <br> 3 <br>"
812801,"nw",2015,"3",38.92359,-77.051459,"812801 <br> nw <br> 3 <br>"
130111,"nw",2011,"3",38.898455,-77.022933,"130111 <br> nw <br> 3 <br>"
183997,"nw",2013,"3",38.899856,-77.021989,"183997 <br> nw <br> 3 <br>"
820368,"nw",2015,"3",38.968904,-77.027459,"820368 <br> nw <br> 3 <br>"
811884,"nw",2015,"3",38.945494,-77.078324,"811884 <br> nw <br> 3 <br>"
834626,"nw",2017,"3",38.897745,-77.032035,"834626 <br> nw <br> 3 <br>"
183962,"se",2013,"3",38.885708,-76.998453,"183962 <br> se <br> 3 <br>"
201177,"nw",2014,"3",38.92186,-77.043292,"201177 <br> nw <br> 3 <br>"
835071,"se",2017,"3",38.887482,-77.003214,"835071 <br> se <br> 3 <br>"
810834,"ne",2015,"3",38.929782,-76.974702,"810834 <br> ne <br> 3 <br>"
891197,"ne",2017,"3",38.90259,-77.002961,"891197 <br> ne <br> 3 <br>"
201282,"ne",2014,"3",38.89732,-77.008425,"201282 <br> ne <br> 3 <br>"
155175,"se",2012,"4",38.885708,-76.998453,"155175 <br> se <br> 4 <br>"
843810,"se",2017,"3",38.882678,-76.994899,"843810 <br> se <br> 3 <br>"
820517,"nw",2015,"3",38.899577,-77.046652,"820517 <br> nw <br> 3 <br>"
122593,"nw",2012,"3",38.898391,-77.03209,"122593 <br> nw <br> 3 <br>"
824414,"se",2016,"3",38.87648,-77.000581,"824414 <br> se <br> 3 <br>"
835902,"ne",2017,"3",38.904758,-76.994897,"835902 <br> ne <br> 3 <br>"
179772,"nw",2013,"3",38.911532,-77.032025,"179772 <br> nw <br> 3 <br>"
835789,"nw",2017,"3",38.928415,-77.037222,"835789 <br> nw <br> 3 <br>"
821857,"se",2016,"3",38.87648,-77.000581,"821857 <br> se <br> 3 <br>"
203327,"nw",2014,"3",38.899856,-77.021989,"203327 <br> nw <br> 3 <br>"
830903,"ne",2016,"3",38.901182,-76.940947,"830903 <br> ne <br> 3 <br>"
830776,"sw",2016,"3",38.878403,-77.017566,"830776 <br> sw <br> 3 <br>"
837422,"nw",2017,"3",38.8935,-77.048859,"837422 <br> nw <br> 3 <br>"
183140,"nw",2013,"3",38.898238,-77.029732,"183140 <br> nw <br> 3 <br>"
10036,"sw",2010,"3",38.87734,-77.021975,"10036 <br> sw <br> 3 <br>"
837274,"nw",2017,"3",38.892,-77.020685,"837274 <br> nw <br> 3 <br>"
205594,"nw",2014,"3",38.941806,-77.025104,"205594 <br> nw <br> 3 <br>"
10907,"nw",2011,"3",38.904414,-77.062865,"10907 <br> nw <br> 3 <br>"
142436,"ne",2012,"3",38.894224,-76.949947,"142436 <br> ne <br> 3 <br>"
405939,"ne",2014,"3",38.90259,-77.002961,"405939 <br> ne <br> 3 <br>"
203976,"nw",2014,"3",38.898637,-77.011904,"203976 <br> nw <br> 3 <br>"
204623,"ne",2014,"3",38.906905,-76.979174,"204623 <br> ne <br> 3 <br>"
205537,"nw",2014,"3",38.909869,-77.064558,"205537 <br> nw <br> 3 <br>"
179223,"nw",2013,"3",38.906402,-77.044816,"179223 <br> nw <br> 3 <br>"
611330,"ne",2015,"3",38.900275,-76.989841,"611330 <br> ne <br> 3 <br>"
822502,"nw",2016,"3",38.90141,-77.042034,"822502 <br> nw <br> 3 <br>"
813220,"ne",2015,"3",38.906905,-76.979174,"813220 <br> ne <br> 3 <br>"
204918,"nw",2014,"3",38.91336,-77.009066,"204918 <br> nw <br> 3 <br>"
94175,"nw",2011,"3",38.965415,-77.075928,"94175 <br> nw <br> 3 <br>"
136362,"ne",2011,"4",38.893213,-76.948805,"136362 <br> ne <br> 4 <br>"
104265,"nw",2011,"3",38.945392,-77.026485,"104265 <br> nw <br> 3 <br>"
179757,"nw",2013,"3",38.918167,-77.024691,"179757 <br> nw <br> 3 <br>"
177352,"nw",2013,"3",38.961957,-77.027881,"177352 <br> nw <br> 3 <br>"
10567,"nw",2010,"3",38.917195,-77.02387,"10567 <br> nw <br> 3 <br>"
155743,"nw",2012,"3",38.917072,-77.028155,"155743 <br> nw <br> 3 <br>"
837108,"ne",2017,"3",38.894864,-77.001782,"837108 <br> ne <br> 3 <br>"
21197,"nw",2011,"3",38.911868,-77.038483,"21197 <br> nw <br> 3 <br>"
206050,"nw",2014,"3",38.91505,-77.031876,"206050 <br> nw <br> 3 <br>"
831584,"nw",2016,"4",38.898313,-77.02962,"831584 <br> nw <br> 4 <br>"
118926,"nw",2012,"3",38.894411,-77.0199,"118926 <br> nw <br> 3 <br>"
153226,"nw",2012,"4",38.900853,-77.027751,"153226 <br> nw <br> 4 <br>"
823024,"nw",2016,"3",38.916922,-77.02818,"823024 <br> nw <br> 3 <br>"
10618,"nw",2011,"3",38.900948,-77.022575,"10618 <br> nw <br> 3 <br>"
611277,"nw",2015,"3",38.924226,-77.040337,"611277 <br> nw <br> 3 <br>"
812689,"nw",2015,"3",38.933484,-77.072414,"812689 <br> nw <br> 3 <br>"
831852,"nw",2016,"3",38.899763,-77.015239,"831852 <br> nw <br> 3 <br>"
824136,"ne",2016,"3",38.894605,-77.002035,"824136 <br> ne <br> 3 <br>"
606893,"nw",2015,"3",38.898316,-77.027034,"606893 <br> nw <br> 3 <br>"
179168,"nw",2013,"3",38.919275,-77.032026,"179168 <br> nw <br> 3 <br>"
136222,"sw",2011,"4",38.824388,-77.012157,"136222 <br> sw <br> 4 <br>"
838788,"nw",2017,"3",38.895655,-77.030828,"838788 <br> nw <br> 3 <br>"
814149,"nw",2015,"3",38.928805,-77.032612,"814149 <br> nw <br> 3 <br>"
155123,"sw",2012,"3",38.878403,-77.017566,"155123 <br> sw <br> 3 <br>"
814366,"nw",2015,"3",38.905115,-77.061391,"814366 <br> nw <br> 3 <br>"
821590,"se",2016,"3",38.86589,-76.979862,"821590 <br> se <br> 3 <br>"
611430,"se",2015,"3",38.86916,-76.990695,"611430 <br> se <br> 3 <br>"
822622,"nw",2016,"3",38.898316,-77.027034,"822622 <br> nw <br> 3 <br>"
9204,"nw",2010,"4",38.916146,-77.046305,"9204 <br> nw <br> 4 <br>"
825274,"se",2016,"3",38.882694,-76.995049,"825274 <br> se <br> 3 <br>"
118246,"nw",2011,"3",38.895447,-77.029632,"118246 <br> nw <br> 3 <br>"
838833,"nw",2017,"5",38.904807,-77.056668,"838833 <br> nw <br> 5 <br>"
198356,"nw",2010,"3",38.921078,-77.042232,"198356 <br> nw <br> 3 <br>"
201687,"nw",2014,"3",38.937661,-77.085584,"201687 <br> nw <br> 3 <br>"
822811,"nw",2016,"3",38.903667,-77.047393,"822811 <br> nw <br> 3 <br>"
8641,"nw",2010,"3",38.943695,-77.054469,"8641 <br> nw <br> 3 <br>"
607981,"nw",2015,"3",38.931396,-77.038314,"607981 <br> nw <br> 3 <br>"
811106,"nw",2015,"3",38.950803,-77.078231,"811106 <br> nw <br> 3 <br>"
168210,"nw",2012,"3",38.936297,-77.032656,"168210 <br> nw <br> 3 <br>"
814074,"se",2015,"3",38.878429,-76.93141,"814074 <br> se <br> 3 <br>"
179648,"ne",2013,"3",38.89732,-77.008425,"179648 <br> ne <br> 3 <br>"
824574,"nw",2016,"3",38.904414,-77.062865,"824574 <br> nw <br> 3 <br>"
611014,"nw",2014,"3",38.902594,-77.018403,"611014 <br> nw <br> 3 <br>"
199539,"nw",2013,"3",38.926762,-77.022896,"199539 <br> nw <br> 3 <br>"
606619,"nw",2014,"3",38.91409,-77.027035,"606619 <br> nw <br> 3 <br>"
9959,"nw",2010,"3",38.932984,-77.079155,"9959 <br> nw <br> 3 <br>"
155333,"nw",2012,"3",38.916925,-77.030366,"155333 <br> nw <br> 3 <br>"
812405,"nw",2015,"3",38.924184,-77.051798,"812405 <br> nw <br> 3 <br>"
143450,"nw",2012,"3",38.912533,-77.038652,"143450 <br> nw <br> 3 <br>"
9699,"sw",2010,"3",38.88485,-77.015267,"9699 <br> sw <br> 3 <br>"
835297,"se",2017,"3",38.87648,-77.000581,"835297 <br> se <br> 3 <br>"
9899,"nw",2010,"3",38.904734,-77.040585,"9899 <br> nw <br> 3 <br>"
183725,"nw",2013,"4",38.879283,-76.980755,"183725 <br> nw <br> 4 <br>"
180727,"nw",2013,"3",38.898238,-77.029732,"180727 <br> nw <br> 3 <br>"
108308,"ne",2012,"3",38.900205,-77.000571,"108308 <br> ne <br> 3 <br>"
404952,"nw",2014,"3",38.945494,-77.078324,"404952 <br> nw <br> 3 <br>"
821849,"nw",2016,"3",38.902943,-77.022864,"821849 <br> nw <br> 3 <br>"
199695,"nw",2013,"3",38.928804,-77.032612,"199695 <br> nw <br> 3 <br>"
606879,"nw",2015,"3",38.896556,-77.050191,"606879 <br> nw <br> 3 <br>"
810245,"ne",2015,"4",38.937352,-76.990657,"810245 <br> ne <br> 4 <br>"
843831,"nw",2017,"3",38.934264,-77.057833,"843831 <br> nw <br> 3 <br>"
608000,"ne",2015,"3",38.917471,-76.968474,"608000 <br> ne <br> 3 <br>"
180502,"nw",2013,"3",38.916925,-77.03044,"180502 <br> nw <br> 3 <br>"
843578,"ne",2017,"3",38.932363,-76.997216,"843578 <br> ne <br> 3 <br>"
7824,"nw",2010,"3",38.905656,-77.043449,"7824 <br> nw <br> 3 <br>"
203851,"nw",2014,"3",38.901271,-77.026541,"203851 <br> nw <br> 3 <br>"
142188,"nw",2012,"3",38.929343,-77.037639,"142188 <br> nw <br> 3 <br>"
102317,"nw",2011,"3",38.912584,-77.074117,"102317 <br> nw <br> 3 <br>"
814023,"ne",2015,"4",38.90244,-77.003058,"814023 <br> ne <br> 4 <br>"
844021,"nw",2017,"3",38.928805,-77.032612,"844021 <br> nw <br> 3 <br>"
825609,"nw",2016,"3",38.914906,-77.021842,"825609 <br> nw <br> 3 <br>"
890675,"nw",2017,"3",38.902803,-77.033525,"890675 <br> nw <br> 3 <br>"
832119,"se",2016,"3",38.88515,-76.997203,"832119 <br> se <br> 3 <br>"
810289,"nw",2015,"5",38.900691,-77.048823,"810289 <br> nw <br> 5 <br>"
199782,"nw",2013,"3",38.892075,-77.019911,"199782 <br> nw <br> 3 <br>"
158213,"nw",2012,"3",38.954058,-77.082196,"158213 <br> nw <br> 3 <br>"
404290,"ne",2014,"3",38.929462,-77.003808,"404290 <br> ne <br> 3 <br>"
119192,"nw",2013,"5",38.935663,-77.109226,"119192 <br> nw <br> 5 <br>"
820092,"nw",2015,"3",38.921665,-77.043542,"820092 <br> nw <br> 3 <br>"
142556,"nw",2012,"3",38.89734,-77.0199,"142556 <br> nw <br> 3 <br>"
812555,"ne",2015,"3",38.89732,-77.008425,"812555 <br> ne <br> 3 <br>"
201609,"nw",2014,"4",38.923933,-77.051644,"201609 <br> nw <br> 4 <br>"
203760,"nw",2014,"3",38.946888,-77.064991,"203760 <br> nw <br> 3 <br>"
833889,"nw",2016,"4",38.914917,-77.01223,"833889 <br> nw <br> 4 <br>"
180873,"nw",2013,"4",38.934551,-77.057964,"180873 <br> nw <br> 4 <br>"
826318,"nw",2016,"3",38.946473,-77.0328,"826318 <br> nw <br> 3 <br>"
98410,"nw",2011,"3",38.946211,-77.0328,"98410 <br> nw <br> 3 <br>"
102097,"nw",2011,"3",38.922091,-77.042414,"102097 <br> nw <br> 3 <br>"
833471,"nw",2016,"3",38.898241,-77.0271,"833471 <br> nw <br> 3 <br>"
836016,"se",2017,"3",38.833647,-77.008411,"836016 <br> se <br> 3 <br>"
831422,"nw",2016,"3",38.900867,-77.019909,"831422 <br> nw <br> 3 <br>"
155360,"nw",2012,"3",38.909711,-77.047828,"155360 <br> nw <br> 3 <br>"
610636,"nw",2015,"3",38.915782,-77.045197,"610636 <br> nw <br> 3 <br>"
66103,"nw",2011,"3",38.921642,-77.042223,"66103 <br> nw <br> 3 <br>"
143181,"nw",2011,"3",38.905154,-77.058457,"143181 <br> nw <br> 3 <br>"
813152,"nw",2015,"3",38.959041,-77.084846,"813152 <br> nw <br> 3 <br>"
839262,"nw",2017,"3",38.90511,-77.066041,"839262 <br> nw <br> 3 <br>"
155687,"se",2012,"3",38.887103,-77.002031,"155687 <br> se <br> 3 <br>"
831670,"nw",2016,"3",38.90245,-77.041829,"831670 <br> nw <br> 3 <br>"
607137,"ne",2015,"3",38.942159,-77.000919,"607137 <br> ne <br> 3 <br>"
835099,"nw",2017,"4",38.898313,-77.02962,"835099 <br> nw <br> 4 <br>"
203682,"nw",2014,"3",38.90857,-77.021914,"203682 <br> nw <br> 3 <br>"
98378,"nw",2011,"3",38.904711,-77.034647,"98378 <br> nw <br> 3 <br>"
891024,"ne",2017,"3",38.896262,-76.948019,"891024 <br> ne <br> 3 <br>"
822406,"nw",2016,"3",38.895447,-77.029632,"822406 <br> nw <br> 3 <br>"
192135,"nw",2013,"3",38.909717,-77.037118,"192135 <br> nw <br> 3 <br>"
155116,"nw",2012,"3",38.903532,-77.020189,"155116 <br> nw <br> 3 <br>"
607089,"nw",2015,"5",38.899819,-77.025993,"607089 <br> nw <br> 5 <br>"
611582,"nw",2015,"3",38.94476,-77.063705,"611582 <br> nw <br> 3 <br>"
811972,"se",2015,"3",38.882606,-76.99505,"811972 <br> se <br> 3 <br>"
10900,"sw",2011,"3",38.878312,-77.023106,"10900 <br> sw <br> 3 <br>"
201511,"ne",2014,"3",38.93846,-76.993068,"201511 <br> ne <br> 3 <br>"
822019,"ne",2016,"3",38.900573,-77.006675,"822019 <br> ne <br> 3 <br>"
7739,"nw",2010,"3",38.905582,-77.044641,"7739 <br> nw <br> 3 <br>"
404531,"se",2014,"3",38.883656,-76.995047,"404531 <br> se <br> 3 <br>"
607960,"ne",2015,"3",38.89385,-77.044086,"607960 <br> ne <br> 3 <br>"
201494,"nw",2014,"4",38.894796,-77.023972,"201494 <br> nw <br> 4 <br>"
142906,"nw",2012,"3",38.933602,-77.057437,"142906 <br> nw <br> 3 <br>"
831349,"nw",2016,"3",38.899393,-77.031951,"831349 <br> nw <br> 3 <br>"
143098,"se",2011,"3",38.877523,-76.994895,"143098 <br> se <br> 3 <br>"
611138,"se",2015,"3",38.86642,-76.983186,"611138 <br> se <br> 3 <br>"
831688,"nw",2016,"3",38.914701,-77.067286,"831688 <br> nw <br> 3 <br>"
831930,"nw",2016,"4",38.898313,-77.02962,"831930 <br> nw <br> 4 <br>"
830737,"ne",2016,"3",38.90734,-76.998598,"830737 <br> ne <br> 3 <br>"
108176,"nw",2012,"3",38.916995,-77.041381,"108176 <br> nw <br> 3 <br>"
122563,"nw",2011,"3",38.910404,-77.031878,"122563 <br> nw <br> 3 <br>"
180476,"nw",2013,"3",38.91718,-77.031875,"180476 <br> nw <br> 3 <br>"
104329,"nw",2011,"3",38.905322,-77.043375,"104329 <br> nw <br> 3 <br>"
9688,"nw",2010,"4",38.900704,-77.0449,"9688 <br> nw <br> 4 <br>"
179205,"se",2013,"3",38.858582,-76.968219,"179205 <br> se <br> 3 <br>"
200939,"se",2014,"3",38.846146,-76.982642,"200939 <br> se <br> 3 <br>"
21477,"ne",2011,"3",38.929616,-77.003652,"21477 <br> ne <br> 3 <br>"
205175,"nw",2014,"3",38.912681,-77.045231,"205175 <br> nw <br> 3 <br>"
205576,"nw",2014,"3",38.925283,-77.101601,"205576 <br> nw <br> 3 <br>"
202315,"nw",2014,"3",38.913163,-77.047269,"202315 <br> nw <br> 3 <br>"
105109,"nw",2013,"3",38.928932,-77.03255,"105109 <br> nw <br> 3 <br>"
832836,"nw",2016,"3",38.898447,-77.023964,"832836 <br> nw <br> 3 <br>"
